invoice_amount,avg_delay_days,num_past_invoices,invoice_gap_days,industry_category,reliability_score,late_payment
8270,14,26,31,3,0.12875443736805547,1
1860,18,19,49,4,0.9476236585206671,1
6390,6,45,47,3,0.47517086602262826,0
6191,18,7,17,0,0.31725917435686757,1
6734,27,47,17,4,0.7663040711189001,1
7265,18,7,26,3,0.49794859258226387,1
1466,10,26,32,3,0.31003402401245006,1
5426,25,40,56,4,0.8119677423908017,1
6578,4,5,51,0,0.867152151001122,0
9322,4,21,57,3,0.673008166288677,0
2685,29,14,49,2,0.046964422407667294,1
1769,21,4,26,4,0.5663228801665321,1
7949,7,23,47,1,0.7632949119972816,0
3433,9,42,23,1,0.13650301208358218,1
6311,5,20,12,0,0.22867075138460335,1
6051,14,15,56,2,0.8824951050681364,1
7420,15,45,12,3,0.020121721853074037,1
2184,27,29,46,1,0.752727137825976,1
5555,16,8,30,0,0.4737732925144229,1
4385,7,41,52,2,0.44677215883960686,0
7396,7,48,55,2,0.0070965324948871755,1
9666,24,19,30,0,0.8193982309664928,1
3558,8,48,27,0,0.35982490063656647,1
8849,1,39,47,3,0.5407656313005429,0
3047,14,46,17,0,0.6773006863356594,1
3747,17,28,32,3,0.7026295764379158,1
1189,2,46,13,3,0.9559800588260723,0
3734,16,27,24,4,0.5313399532366091,1
4005,3,4,23,2,0.3997195509744276,1
5658,29,15,52,2,0.9537036264917079,1
2899,3,35,43,2,0.6421102350255211,0
8734,13,37,55,4,0.2981503562765556,1
2267,8,1,16,3,0.12646424540357115,1
2528,8,3,19,3,0.8425545014651813,0
4556,24,47,35,0,0.36218160279415157,1
4890,25,24,59,4,0.6604697213644312,1
9838,22,27,18,0,0.47081641936589813,1
6393,29,40,15,4,0.19892977979503834,1
9792,17,36,30,0,0.6016866086204651,1
9433,9,34,46,1,0.06068306895068232,1
8513,20,29,31,2,0.4133424598711922,1
3612,3,24,15,2,0.546614939663671,0
8041,11,24,42,3,0.43604697411857907,1
7235,26,42,38,1,0.7486721752509908,1
6486,7,4,47,2,0.8279249545453125,0
8099,1,3,23,3,0.771243074033178,0
1775,21,34,10,1,0.03881294781180211,1
9226,12,49,50,2,0.1941287704459722,1
4152,20,23,56,0,0.5366075092637743,1
2585,15,23,42,4,0.9348220404438012,1
4943,27,45,53,1,0.8349567750521169,1
8555,1,5,46,3,0.8425345083518017,0
4073,10,31,32,1,0.3032081937596749,1
2021,9,41,5,3,0.42944789707870257,0
4843,14,6,39,1,0.4707059473159374,1
8989,16,37,44,3,0.15737158334991042,1
7873,7,10,12,2,0.031068130244456316,1
6675,17,40,56,0,0.9469028994605169,1
1161,22,7,58,2,0.24071258566350673,1
5297,8,39,51,0,0.2399489037236313,1
1995,24,38,11,2,0.08337905376875954,1
8629,7,21,15,2,0.9285077519437785,0
2016,26,20,43,1,0.579737114939772,1
8869,13,3,8,4,0.6670368571253539,1
7439,27,22,29,3,0.9115768872630525,1
8892,25,47,16,3,0.3456201689007895,1
7863,24,4,30,3,0.6215073111380841,1
8916,17,28,42,0,0.03879945472888746,1
9529,21,12,50,3,0.18677252823112933,1
1878,19,38,16,3,0.8312458050899425,1
5887,29,36,47,1,0.7667683563383357,1
5859,19,47,55,2,0.3506426914571469,1
7331,20,41,57,3,0.3768106277742125,1
9571,11,5,41,4,0.5335544335535795,1
9684,18,13,50,3,0.0002410046851345493,1
8208,13,23,57,0,0.24124433603802786,1
6276,16,30,28,0,0.20823180860821444,1
3062,23,37,20,0,0.25048294674976346,1
1064,20,25,17,3,0.8059058425334413,1
9006,2,48,29,1,0.27967385654644317,1
3568,25,27,58,4,0.19152132205014816,1
6463,29,14,58,3,0.5042634607930315,1
3027,22,48,56,1,0.8656450363727319,1
3695,6,47,58,1,0.24134970383749987,1
6258,16,36,8,3,0.0785362427927987,1
6618,11,39,15,3,0.3564047358496647,1
7736,8,16,36,1,0.7476518245649778,0
1391,14,22,53,1,0.5506905446947946,1
6892,17,21,11,1,0.8167933695743474,1
4561,20,21,50,3,0.959592147609234,1
7184,12,8,15,1,0.792662476751617,1
4099,29,49,32,0,0.6038030788437534,1
7278,20,16,58,3,0.4933415880523805,1
9392,29,31,45,0,0.04006908634826667,1
4104,7,42,27,2,0.9843219788140413,0
8215,13,10,49,3,0.3834811225750425,1
3454,7,32,27,2,0.1522282139168668,1
9996,13,34,54,1,0.6667088553964567,1
3731,6,9,32,1,0.28428828909545933,1
9154,22,17,47,4,0.5857782709310476,1
6056,11,11,51,1,0.5867679078445912,1
9110,10,32,30,2,0.44572982090286917,0
4840,21,10,29,1,0.8361186155450426,1
2028,21,22,58,3,0.26496706155544303,1
8385,10,17,33,1,0.44863259161773417,0
1502,24,4,23,4,0.5376921285909715,1
7910,21,48,37,1,0.6636247207672996,1
7938,27,47,40,2,0.7839718505055895,1
5488,28,25,18,2,0.39480728287825606,1
1206,12,21,18,1,0.646046944096596,1
6134,17,37,39,2,0.15061095306851913,1
6977,1,38,34,2,0.9326481005424786,0
8721,28,49,32,4,0.38305880642100354,1
8035,20,1,21,3,0.7295214219764384,1
2484,14,25,7,4,0.020341081882177647,1
8858,19,36,20,0,0.205187142904807,1
1863,26,17,50,4,0.487082544323578,1
3790,17,41,34,1,0.8782524677323466,1
8408,14,24,56,3,0.5272551499506771,1
9755,18,2,33,1,0.929870482293879,1
6116,22,40,49,0,0.48379689658279634,1
7019,23,15,19,3,0.49044909673594994,1
2757,11,32,50,2,0.11974678850053189,1
8574,12,39,29,4,0.8026562441522198,1
7374,21,6,55,1,0.2469654124670625,1
7892,10,1,42,0,0.8996124893723151,0
2678,4,47,46,2,0.9108242203303961,0
4242,28,23,51,4,0.9433101118741497,1
5636,0,39,57,2,0.52023048910309,0
2059,23,17,58,4,0.6770937847836443,1
7668,2,34,56,3,0.7785158800616635,0
4157,21,41,42,2,0.1310146186504656,1
6915,18,29,27,2,0.6009571949974972,1
3693,22,9,29,2,0.03429790130331167,1
4627,28,13,46,3,0.4975660833887259,1
6450,29,6,11,0,0.1548426816202274,1
2663,6,6,26,4,0.1829229259620847,1
6592,11,20,21,2,0.3650475666926015,1
8392,14,3,22,3,0.432437166716503,1
2306,24,17,53,0,0.6231724245321872,1
7776,4,49,45,4,0.07442841843851566,1
6864,14,12,14,3,0.5036917612374446,1
8526,7,48,14,4,0.18262513025310112,1
9901,9,47,11,2,0.5739751750317419,0
6575,25,45,52,0,0.6374046122611835,1
6530,15,1,54,3,0.5567092565528539,1
5413,7,17,42,0,0.7382955104783077,0
4748,0,3,31,2,0.3356092442409013,1
1663,11,26,56,0,0.7651065916331309,1
2998,4,15,37,0,0.43276708170819367,0
8994,2,36,5,1,0.4841844983225968,0
2495,0,32,48,0,0.6481021272610714,0
4304,3,32,57,4,0.01835838399922396,1
4763,7,4,38,3,0.6539942214202483,0
6232,2,18,8,1,0.6185851490721154,0
2853,9,49,21,3,0.3098471167532799,1
7585,1,19,8,3,0.08579428489948948,1
2291,10,43,47,2,0.09093544991304114,1
4581,24,35,58,2,0.9232237469852286,1
8554,9,40,30,1,0.6892793212258371,0
8280,20,14,8,2,0.1271026137707404,1
2636,13,33,5,2,0.35672316930890635,1
4696,6,14,11,2,0.5924829939015964,0
1698,26,34,34,3,0.8355717050906487,1
5737,26,4,54,1,0.04366092871300853,1
1854,1,24,13,3,0.23663313147000886,1
9164,8,29,39,4,0.88974899029538,0
6855,15,19,12,3,0.009165550183816484,1
8392,12,6,28,4,0.2013991027938874,1
7528,8,33,23,0,0.959024175972966,0
6249,19,49,40,0,0.6134018465221711,1
6172,3,40,54,4,0.26167136663750645,1
2707,21,19,56,4,0.0669910943958476,1
6791,9,1,47,3,0.028191340447222157,1
6535,25,5,31,4,0.24474507963692727,1
5931,25,27,36,1,0.8814858195889105,1
4510,21,16,18,0,0.4159136542975095,1
1202,11,6,22,0,0.720333369165993,1
5218,16,40,32,4,0.9182850353799578,1
9958,13,13,33,2,0.4080404616028166,1
5389,13,48,20,2,0.19127737103739706,1
3327,24,35,39,4,0.5171179308569195,1
9004,1,19,51,1,0.9080836870598544,0
3931,20,12,35,2,0.8043744141377006,1
8777,24,16,8,4,0.06582984336315378,1
1197,19,43,41,1,0.6925728000775818,1
8125,10,10,21,1,0.5718975224589538,0
2930,15,25,43,3,0.9074631763464255,1
7287,18,20,52,1,0.12248141685029723,1
9800,22,31,50,2,0.5340361132046566,1
5282,5,4,30,2,0.8794626935118923,0
3511,23,44,52,4,0.410023786741743,1
1659,18,23,43,4,0.48199491773286707,1
3811,4,2,45,1,0.0704606776669583,1
8098,25,22,8,0,0.2781436404489108,1
7546,3,37,34,3,0.32450664916894734,1
2986,14,8,34,0,0.9451224487448869,1
9338,28,7,26,1,0.28266736054115904,1
3911,3,14,15,1,0.460868735269652,0
2734,19,3,6,0,0.6713044235642798,1
2843,9,16,48,3,0.1621833724078774,1
9680,23,19,16,0,0.4864423871418745,1
3976,21,18,34,4,0.7385390394759076,1
2959,2,16,40,2,0.866855213027066,0
6759,25,8,22,4,0.6262592746624267,1
7694,4,33,30,2,0.6690535153169479,0
3385,5,49,57,1,0.12628347258456896,1
5736,20,12,11,3,0.9457764972463472,1
2802,21,11,5,0,0.13257407748448236,1
9155,7,5,30,3,0.7746729371817983,0
9120,6,27,27,0,0.2648163217783188,1
7616,20,12,30,4,0.9335931437012516,1
6534,9,17,49,4,0.7199595393694795,0
5061,5,6,10,0,0.753813712978369,0
1262,13,33,10,3,0.21905917305988332,1
7287,3,5,48,0,0.4430399766351608,0
9815,27,28,12,1,0.6178131945892864,1
3049,24,14,28,4,0.7699736182066009,1
6423,12,5,26,1,0.10395937591238957,1
5548,19,33,23,4,0.9623653164545284,1
4108,16,48,41,4,0.890220670554556,1
8158,22,41,22,2,0.27034859049558435,1
8400,6,19,35,1,0.822760243032332,0
4170,3,22,41,1,0.5183239230398234,0
3255,28,5,34,2,0.46180648156201864,1
2154,13,2,46,3,0.3144341058114054,1
5499,2,30,37,1,0.5809685866315925,0
7295,23,47,14,0,0.7298891177035978,1
7197,4,39,41,2,0.41093290496275825,0
2648,15,4,16,1,0.6292191930082921,1
6539,25,33,58,3,0.6993129211553037,1
5199,22,13,34,1,0.7111218170152859,1
9445,19,20,31,4,0.05196609813118025,1
3557,3,7,43,0,0.8597478056850669,0
6592,23,15,13,2,0.45825331476504794,1
1098,29,23,58,4,0.26241608169621444,1
3200,23,14,25,3,0.2417645074796816,1
3961,1,23,16,4,0.48301411284395046,0
5973,29,19,59,4,0.8868315394689592,1
5433,17,29,33,3,0.3783475816826469,1
3869,18,20,37,4,0.7497257467835433,1
1956,27,29,47,2,0.0968187309872186,1
9352,27,24,57,1,0.4760567021510618,1
6699,18,18,19,4,0.9916861403927356,1
7944,16,10,6,2,0.770437802792337,1
5493,13,41,56,1,0.210528488440613,1
5911,18,8,43,1,0.5014414736979107,1
4987,21,26,57,4,0.23362476364856655,1
7015,23,29,48,2,0.40956092726250926,1
2218,12,10,58,4,0.7800840237349648,1
5496,11,17,22,3,0.7712248152904037,1
5735,29,2,7,1,0.22810037790238513,1
5555,25,6,11,4,0.9222233181548601,1
9050,5,5,47,1,0.5925681827648268,0
4446,20,28,22,2,0.3799242909620145,1
2045,3,41,48,0,0.5019355807808606,0
7893,18,5,42,4,0.6050712534377437,1
2693,15,18,41,4,0.5598905318457854,1
4436,12,26,37,1,0.4864050355361782,1
9754,3,20,48,2,0.5049328040894001,0
6895,29,41,35,3,0.17641191042788618,1
4354,22,49,15,2,0.8127329043046794,1
1225,16,27,8,4,0.5417603199410154,1
5893,22,49,22,3,0.1310798617047031,1
8022,0,12,8,2,0.7661571015827779,0
6600,17,7,53,0,0.9324439783773508,1
8996,19,3,38,1,0.9473068992369621,1
8683,16,10,33,2,0.36901773241117275,1
5642,26,34,28,2,0.13551687356075404,1
8679,27,25,26,0,0.5183996266330652,1
9208,26,35,6,4,0.11260922934922069,1
8339,14,16,48,1,0.9339874185126172,1
3205,10,2,10,2,0.183579627355146,1
2069,24,24,46,3,0.2527658599511641,1
4444,27,10,29,2,0.40663652688497043,1
2060,21,38,59,1,0.3831644685591258,1
3327,12,22,25,2,0.794662892397889,1
4420,0,26,59,0,0.45631682055096234,0
1301,16,43,20,2,0.1707682600033369,1
1606,5,39,35,2,0.2672098954860741,1
4170,3,27,18,3,0.509113385187522,0
1699,19,29,43,0,0.1474539174261349,1
6088,15,47,32,0,0.6116556756460141,1
1190,14,38,36,2,0.5657473065511459,1
1980,26,20,32,3,0.7147023163822577,1
3975,14,27,55,2,0.9377046153793677,1
7102,5,41,59,2,0.9122545611011557,0
2184,14,20,53,1,0.9460756180688313,1
4327,13,44,13,1,0.24471559702370094,1
4394,27,19,49,3,0.13156530663935462,1
9319,10,20,26,4,0.3022767004964485,1
2816,6,35,36,1,0.8950851727663146,0
6854,8,47,9,4,0.9720534746234882,0
7709,25,2,27,0,0.859324951070476,1
1569,15,30,9,1,0.1100177211275436,1
6442,4,34,46,1,0.9474279980597932,0
2895,24,22,57,3,0.423358027350786,1
3733,19,3,36,4,0.009310290762353679,1
4863,28,6,14,1,0.4423937407481936,1
8455,9,15,43,1,0.04606916967546759,1
5014,17,27,19,3,0.5438779211611176,1
2686,2,10,11,3,0.3385540274370513,1
4009,12,9,33,4,0.47343493359404876,1
8806,10,33,51,0,0.613170360743117,0
1154,16,32,7,0,0.8688010958178203,1
2409,29,48,23,2,0.6619015764719286,1
1784,29,6,14,1,0.4340488684781807,1
9096,21,41,32,4,0.8194278536703651,1
8560,12,36,33,1,0.9055821375731322,1
8343,5,2,19,4,0.11975996643219722,1
8206,16,29,39,4,0.5319329775527915,1
6596,26,4,10,4,0.28451195974244414,1
6801,12,1,16,1,0.0470611978769474,1
3806,18,19,51,3,0.6685466951139853,1
1537,20,26,42,1,0.8627707774592256,1
6986,18,25,17,4,0.16290265447739405,1
2841,9,10,33,2,0.8124136576239005,0
9716,2,15,23,0,0.8533957335369416,0
7971,13,22,7,4,0.9143404426664835,1
6625,25,48,12,2,0.2652850890860524,1
3950,18,21,12,3,0.9039530651898893,1
8992,4,22,59,4,0.32066275473643224,1
5780,28,36,24,2,0.5523380134555028,1
3368,4,34,51,4,0.05050747083228213,1
7655,19,30,8,1,0.043881088368743604,1
9173,16,25,55,2,0.7203732127322029,1
5495,20,45,25,1,0.44447997797779104,1
7002,9,28,7,1,0.25629237536921756,1
7614,4,1,49,2,0.1904134960249102,1
6919,3,49,12,0,0.6699534908592181,0
1853,5,45,27,2,0.00040154402533987277,1
5146,25,4,20,0,0.8058911691968542,1
4769,3,7,17,4,0.07924960612992882,1
1574,29,49,7,4,0.19148961490811944,1
2148,6,9,52,2,0.3862363952990896,1
7293,6,36,13,4,0.4848587397161036,0
7457,17,19,18,3,0.35499511581394183,1
8509,2,1,17,1,0.3207121649842939,1
5777,0,10,57,1,0.9639160120731884,0
4854,23,36,11,0,0.6415796812433943,1
3491,24,9,19,4,0.02343295536738821,1
4124,3,45,11,0,0.4301759084443132,0
6691,5,46,42,1,0.8750086997439702,0
4051,8,42,38,1,0.30145618641066796,1
1004,21,32,45,4,0.09455634477438823,1
6222,13,32,26,3,0.7583847715899178,1
6315,27,6,28,3,0.6060138319360813,1
5869,11,48,53,4,0.5703125078265039,1
1876,27,38,41,4,0.053576559607407925,1
8027,24,17,48,0,0.14049900979551733,1
5142,19,10,5,4,0.6225493962131138,1
7966,23,27,14,3,0.2078238414588358,1
8079,24,35,47,4,0.5040700797484243,1
8987,3,21,20,0,0.5448816860293935,0
7799,20,25,50,0,0.2835071902709394,1
5465,29,28,12,0,0.9484251555414929,1
1635,23,47,53,0,0.8424641068355752,1
2693,11,15,29,2,0.7223735076327985,1
5752,9,4,54,4,0.07799386640940908,1
9311,29,29,16,1,0.10613001930901944,1
1830,21,9,29,4,0.4927813458649557,1
6177,27,27,21,2,0.16071334919098568,1
9932,6,26,30,0,0.9782654635294741,0
9308,2,19,50,2,0.15852023402740945,1
6949,22,28,52,3,0.487467835463974,1
3838,27,17,18,3,0.3641210568415054,1
2150,13,43,45,4,0.639386421454098,1
8560,23,41,40,4,0.12903640888942491,1
2931,9,42,27,1,0.4303164280423909,0
2664,15,20,47,1,0.27470503280714365,1
2081,15,45,10,3,0.887751524671688,1
1512,21,40,51,0,0.040585712134695084,1
8805,9,39,9,2,0.9137274940064593,0
6237,24,49,47,1,0.8329941385530004,1
1559,12,23,29,1,0.29757071644081545,1
4672,5,47,22,0,0.7892906546771047,0
8404,11,32,17,0,0.03121356033874756,1
4343,8,47,47,4,0.9668655502933936,0
5070,12,33,18,2,0.5265949425897893,1
1580,3,46,32,0,0.30328102606544527,1
8004,23,5,22,1,0.3625832125946771,1
9130,10,43,32,1,0.06640535346049736,1
4147,19,48,55,3,0.9893495140420392,1
5249,17,34,31,0,0.03929194515069245,1
2679,25,40,36,4,0.654907123147859,1
4506,10,11,51,2,0.4427359277064583,0
8253,24,3,13,4,0.9489162181887151,1
3744,20,33,44,1,0.24599974030679517,1
6188,3,11,36,4,0.5320868239380113,0
3141,17,16,24,1,0.48235620858275297,1
7617,0,18,32,1,0.7028664440501013,0
3479,26,30,37,1,0.06801023195242051,1
7484,6,48,8,1,0.19378913002335485,1
8421,5,10,50,1,0.21456482009284983,1
5452,14,18,38,3,0.7381507548416897,1
6881,17,38,52,4,0.18913869632674007,1
7665,23,19,7,3,0.5734917638909767,1
3849,10,36,30,3,0.2152438205009537,1
8390,19,13,12,0,0.8616249500839784,1
7905,23,46,10,0,0.9421854544896385,1
3489,14,3,20,0,0.5184929749422404,1
5611,15,10,28,2,0.3523088842091783,1
3839,6,38,52,0,0.23405777501749914,1
9527,20,1,43,4,0.049781001523043766,1
6878,9,27,34,3,0.2685000761974954,1
7303,25,46,49,4,0.6542357799453179,1
1851,11,8,17,0,0.5336169313092108,1
2687,23,46,9,2,0.9440412782809274,1
7833,13,42,29,2,0.3962772624917006,1
3427,24,17,24,3,0.6938633423283945,1
5000,4,9,58,4,0.4893227474751214,0
6052,25,6,22,1,0.5125762159242117,1
3738,20,43,51,4,0.2677743146041175,1
6732,17,25,22,0,0.4549507768419997,1
6387,4,39,6,1,0.47078499701270726,0
9002,2,49,14,2,0.7066425217489339,0
6536,22,28,59,3,0.9406399991861139,1
4913,25,33,49,3,0.3293212774825043,1
2066,4,37,54,2,0.042200468581298445,1
8723,23,9,51,0,0.4962951255006397,1
5380,16,18,16,2,0.5444613321491686,1
5107,18,21,51,0,0.16844055113191525,1
6726,18,2,17,1,0.7604646062760667,1
4373,24,43,54,2,0.9849291084414916,1
9945,20,38,51,0,0.9457747170084609,1
3082,11,40,59,1,0.19710603882365219,1
9967,24,36,15,2,0.8753632399007607,1
7748,28,43,23,3,0.7044936364116847,1
1417,8,37,39,2,0.4538465638069116,0
9306,0,15,43,4,0.540610994324729,0
9808,17,28,57,2,0.8496001749824581,1
4974,20,18,30,4,0.48013493963837317,1
4267,3,34,50,1,0.37320736910512686,1
1825,9,22,18,2,0.4932474930259858,0
8668,24,11,58,1,0.5791298040350491,1
6745,6,13,49,1,0.18907765377834884,1
1412,21,4,48,0,0.9009077302669907,1
8543,22,22,28,1,0.6741869488296138,1
8587,0,7,45,1,0.6332689173374889,0
1728,16,43,5,2,0.09949622618063814,1
8164,23,24,55,2,0.6041739381725918,1
9867,28,4,47,3,0.12096066223849233,1
6988,28,28,59,0,0.07869767519539905,1
3504,1,15,26,1,0.5273108956423933,0
3967,27,1,27,0,0.402785534046495,1
3786,25,3,58,4,0.5888102701562232,1
2122,10,14,23,1,0.0892221680572386,1
5079,8,38,22,0,0.4309830628472584,0
2571,6,1,16,3,0.17478671504515797,1
6073,21,38,59,3,0.9871000859241166,1
6104,16,38,32,1,0.5611502124351744,1
3143,16,21,32,4,0.6874368609408673,1
7806,1,48,37,3,0.3254182806826078,1
8357,5,29,23,3,0.09473891477934415,1
4440,13,5,32,4,0.9758708627835366,1
4766,5,49,56,0,0.2862590353831832,1
6644,1,10,53,3,0.4238081851735742,0
3914,0,28,41,2,0.649863921702575,0
5968,9,21,30,3,0.024697297686111286,1
6917,20,7,39,0,0.8102591305172869,1
9787,4,3,38,0,0.5365781900286203,0
1728,1,45,39,1,0.27821718706882215,1
2365,21,47,44,2,0.06160798529246925,1
5492,15,20,20,0,0.16249841547444144,1
1698,24,19,42,4,0.8950338588534369,1
8186,1,35,17,2,0.686024223935891,0
1395,9,4,27,2,0.24990172163688984,1
8400,1,5,58,4,0.06560076494502953,1
9082,15,1,26,3,0.6906153123866363,1
5171,15,4,20,4,0.5724077259677651,1
5360,18,12,32,4,0.404519524458235,1
3502,28,27,52,3,0.36361144919006383,1
1717,6,42,39,3,0.2168142759291083,1
3782,21,23,49,3,0.6696112565375176,1
5946,11,25,50,3,0.9706680277938705,1
6486,23,21,12,3,0.17571524583682585,1
9335,14,24,48,4,0.5971166200155034,1
5980,7,25,59,1,0.4241850557459762,0
8266,5,45,59,1,0.4466887217446649,0
5491,27,46,26,0,0.2541472801278144,1
8192,26,32,25,1,0.8251348756614191,1
6588,9,32,30,1,0.4852556041472411,0
8651,2,5,44,4,0.5434058521982641,0
4636,18,36,25,3,0.30476091279732576,1
2167,16,46,29,3,0.18180846566694975,1
2062,6,42,45,4,0.08591038820282049,1
3156,20,49,5,1,0.7141191409249159,1
8860,19,42,10,4,0.19623428168785562,1
6161,25,39,27,0,0.6900753541887977,1
6305,3,16,55,3,0.3903764460469539,1
7541,13,33,27,2,0.41577480098965147,1
5729,19,49,47,0,0.4691774960927717,1
8330,21,21,47,0,0.3677085081275432,1
6334,14,9,27,4,0.10061997722259008,1
9924,23,6,36,1,0.3096318100028458,1
5330,7,45,34,3,0.6637343606939384,0
9010,20,35,17,2,0.665784401468871,1
7801,14,39,47,0,0.28622430723999437,1
5846,21,22,22,2,0.46010262655768797,1
7731,19,41,27,1,0.19344722801193748,1
8241,27,5,19,1,0.21037208152983577,1
1953,13,42,37,2,0.023047088406607408,1
3539,26,23,25,3,0.8967465499077446,1
8056,28,17,43,1,0.2107066650749062,1
2542,8,12,27,2,0.22753387693646332,1
6293,7,23,31,0,0.2796014326451318,1
2191,25,16,49,2,0.127408071695429,1
7313,27,3,48,2,0.6392628831813628,1
7938,25,30,22,4,0.07514295317758657,1
3681,16,22,28,1,0.13420242632635027,1
2540,1,9,55,3,0.6447567265900929,0
7172,24,29,51,3,0.33966062048144274,1
6541,23,47,44,4,0.707947826701189,1
2365,29,37,55,3,0.557424744670142,1
9691,2,23,46,2,0.25602117306151306,1
9702,7,13,11,4,0.6508279504893281,0
8494,11,32,54,0,0.11627368029288065,1
5312,0,46,52,1,0.5364103830800304,0
2324,9,47,24,1,0.43714810504503465,0
4141,19,48,31,1,0.2678735828174408,1
8419,2,23,10,2,0.6040049977395001,0
4486,5,45,31,0,0.8713335923402825,0
2810,6,17,13,4,0.9989046997630767,0
7588,19,40,57,4,0.6077627687434245,1
3923,22,21,49,1,0.40470587432917016,1
6301,24,2,35,0,0.2252071002162016,1
5186,26,37,25,0,0.25709608939511175,1
9905,17,6,30,0,0.4794549781497657,1
6977,10,44,44,3,0.36727770128070925,1
5268,18,18,52,3,0.9138145226249442,1
5748,4,30,49,1,0.36829546765570953,1
5849,18,22,17,0,0.3734445911454355,1
4709,10,33,53,0,0.38353451243397696,1
7619,23,30,27,4,0.8366202103676581,1
9647,11,17,24,4,0.6507883208469019,1
4072,9,43,41,1,0.6141688503188927,0
7530,7,32,58,0,0.3341430223838622,1
1504,23,42,57,1,0.8179041768324394,1
2214,27,14,32,4,0.038363861355701134,1
2531,27,10,21,4,0.8707971723381132,1
8576,8,47,32,3,0.5127498997939296,0
1823,3,36,45,1,0.3982502348634128,1
1928,4,34,6,1,0.4971672807176857,0
6029,20,9,29,0,0.6674155305338311,1
1133,7,42,54,0,0.01276542651789736,1
3105,22,28,45,3,0.8715518564582477,1
4627,8,11,10,2,0.4467395253113928,0
7316,14,14,15,2,0.3429665197000782,1
2852,14,39,42,2,0.1382455656340571,1
5910,15,47,10,1,0.43946537435844213,1
5175,13,19,49,1,0.49632277128437885,1
6348,7,15,15,4,0.4036466944934778,0
7190,17,28,18,1,0.6786600938268971,1
2256,9,24,6,1,0.420896528759226,0
4376,27,8,44,1,0.9614175778465733,1
6645,19,43,7,3,0.5992775178235918,1
4486,5,9,59,1,0.807477935651909,0
4584,11,47,57,0,0.10935590310947885,1
9053,1,33,39,0,0.3972912929459057,1
4330,6,33,37,4,0.3368477014471527,1
3703,15,19,28,3,0.5694823881365918,1
9662,2,3,23,0,0.8611135200614256,0
9120,12,10,22,3,0.07833821776200667,1
8114,2,40,53,3,0.07257479804471079,1
2353,26,47,56,4,0.8503177081575989,1
6063,17,42,28,3,0.21285008603835742,1
9549,10,1,49,1,0.6687532544498137,0
8575,7,29,39,3,0.5428781323608052,0
1667,5,34,5,4,0.8328935948872295,0
5468,0,13,40,4,0.12508890983640353,1
7819,27,1,29,4,0.12978296572261128,1
4719,0,34,49,0,0.5568183602783076,0
3745,22,29,53,1,0.9463786533583709,1
8483,7,48,47,0,0.41499775837075425,0
1539,4,47,38,2,0.32694210025469495,1
5964,27,13,29,1,0.6066893231978858,1
5835,15,48,20,3,0.9304486005450311,1
4775,10,49,38,4,0.8369278328446237,0
7042,4,29,33,2,0.9954836107332199,0
8102,3,39,23,1,0.02256858320237709,1
8312,29,24,27,0,0.11285814471276223,1
6320,5,26,23,4,0.609467763366622,0
7132,13,17,29,0,0.8205764393338497,1
8891,21,7,20,1,0.28524434230676654,1
3779,18,13,58,1,0.23921108803421876,1
1924,8,5,55,2,0.7869757993812009,0
2581,11,26,13,3,0.05638185385323158,1
8714,10,49,5,0,0.3693826475825851,1
4324,13,3,46,2,0.5058092225923297,1
6713,22,7,23,4,0.5603486743503234,1
8026,15,49,37,3,0.7286151567927769,1
1255,0,39,38,2,0.35484572343065823,1
5804,12,1,20,0,0.6126843446746072,1
2838,22,49,48,1,0.5853754227909563,1
1009,20,17,44,4,0.5476161006537471,1
3871,20,43,59,0,0.6404832931422122,1
9989,29,25,22,3,0.2594491710680763,1
8409,12,3,38,3,0.08464875358462898,1
8418,1,15,29,1,0.11927167203974343,1
6124,3,29,49,1,0.22458238265390107,1
2015,27,43,10,4,0.5001979355227852,1
3193,5,32,25,4,0.8404427505460201,0
9415,25,26,10,1,0.7012933420883841,1
8449,26,16,36,1,0.7890406042020471,1
5158,22,25,45,3,0.3509756239260914,1
4925,26,28,52,1,0.40465374164855017,1
7970,4,9,47,2,0.3936818859906128,1
7938,24,1,43,0,0.19187318440450152,1
5784,2,29,35,1,0.06121665814357202,1
5000,0,22,46,4,0.5909160928272268,0
2633,3,16,14,2,0.9892166834205861,0
8266,24,41,34,4,0.16682970495026284,1
9702,19,44,56,2,0.046684819899273755,1
1384,1,41,22,1,0.779531681823933,0
1404,25,7,28,0,0.2525860066847242,1
9175,29,14,56,4,0.8296438053529284,1
3000,29,29,13,2,0.7039366670345154,1
6989,4,19,35,3,0.9456735370508046,0
2460,2,19,19,1,0.408927235756672,0
8190,28,2,8,0,0.6619698394506341,1
8140,27,41,44,1,0.4648547808132707,1
4636,28,45,13,3,0.6305886973085435,1
5809,8,15,49,0,0.44959890600773733,0
5178,19,3,13,3,0.18863224642407483,1
8245,5,11,30,1,0.5078974160033809,0
7600,17,46,8,2,0.5285842014374423,1
6997,5,30,21,1,0.8106038482601611,0
3048,18,40,20,1,0.7355207057935812,1
5780,27,18,19,1,0.6637916239414441,1
1716,11,48,39,4,0.11338709555257254,1
8939,24,2,56,3,0.720616290663715,1
6565,10,32,9,3,0.5003051563545148,0
5544,1,8,59,3,0.8940995361061592,0
5976,14,22,9,4,0.9198709341305428,1
4419,11,6,24,2,0.05515659060178546,1
8239,11,12,19,1,0.8206415603544788,1
1249,8,47,22,2,0.03769739042267062,1
9865,20,40,51,4,0.36716962569502265,1
1770,23,36,6,3,0.5422999756210791,1
5363,1,15,33,1,0.14810079862712744,1
2077,21,28,17,0,0.7463138125690768,1
9427,2,49,8,0,0.008354704172138572,1
9580,11,45,46,2,0.16859904843403684,1
8901,27,18,49,3,0.5807968298534757,1
5858,29,2,14,0,0.7143875620372924,1
7544,25,13,35,2,0.9166431026939161,1
5719,15,45,45,4,0.7054966519346239,1
3814,20,15,12,2,0.671779270254866,1
4374,27,20,7,2,0.3943411463506643,1
2252,23,29,52,2,0.0012844255268014138,1
7996,25,42,50,1,0.12015925873562194,1
5673,29,29,13,2,0.5345545447560391,1
5530,0,3,34,2,0.6751298858444197,0
7881,20,19,57,1,0.4174482838964625,1
7949,2,3,15,1,0.7306790115283902,0
7241,19,14,39,4,0.5218622953321788,1
9017,1,40,41,3,0.07417619559431221,1
7941,8,4,46,0,0.19201625096794883,1
8002,18,11,17,0,0.8399982232439429,1
2331,14,31,40,2,0.7249127466244395,1
5261,17,43,17,4,0.894761987012495,1
8648,25,32,16,2,0.11755724912093657,1
6115,10,27,41,0,0.9902225346150739,0
5637,24,30,14,1,0.2094067139499336,1
5854,22,43,13,3,0.01177987628664201,1
4177,15,2,56,4,0.9974229390535542,1
8730,21,49,11,1,0.28107388544511314,1
3180,16,9,6,3,0.6680194525125599,1
5892,4,28,58,4,0.1766823141763052,1
8043,11,31,27,4,0.5802285321991417,1
1137,10,34,43,0,0.9040349864545593,0
7327,29,15,44,1,0.3201811674284386,1
4472,14,48,43,4,0.6702539760443592,1
6449,26,25,25,4,0.1879035887984165,1
3832,2,36,27,3,0.6247953987187252,0
4579,0,8,33,0,0.33645035181751015,1
6971,19,9,18,2,0.21120825858795167,1
5164,28,37,30,0,0.31318205070363514,1
8941,15,48,55,2,0.17884106850779935,1
6569,1,45,9,1,0.9019161078378828,0
5300,1,39,59,1,0.39718688631712884,1
7269,2,32,35,4,0.24527930497436734,1
4818,7,17,29,1,0.4484078410159329,0
2906,23,35,35,4,0.32053616680649555,1
7254,27,37,54,0,0.744419253813326,1
1760,14,19,24,1,0.9712199118854944,1
8830,6,44,48,0,0.4380336566976468,0
8350,5,29,59,0,0.8610333999722404,0
7238,8,7,21,1,0.5658630735596195,0
7090,19,28,49,0,0.15723566509423348,1
7031,27,9,6,1,0.6906227420813416,1
8687,0,28,29,1,0.5134344971258201,0
9472,7,6,17,1,0.6506065232521034,0
2887,22,29,43,2,0.889687412571665,1
4266,22,17,32,0,0.4404345706560461,1
1666,2,16,46,3,0.9011776232173556,0
5188,3,23,59,1,0.7506690142816549,0
1671,25,31,10,0,0.48860492587798476,1
7777,24,3,7,4,0.6032221356579637,1
8570,14,21,39,1,0.32558113251901144,1
8956,5,26,22,1,0.9835972997387742,0
6124,14,36,15,3,0.667351163050396,1
6585,20,42,58,2,0.043846852496629896,1
5777,2,37,24,2,0.32662190574800876,1
4900,24,22,9,1,0.6233144337590575,1
7677,20,42,23,0,0.0563332777992398,1
7981,20,12,26,4,0.023884191319142767,1
7376,13,42,23,4,0.45002423952780257,1
1523,19,13,51,0,0.33269017969267,1
3393,13,11,20,1,0.4382986080331659,1
3593,3,16,28,4,0.26269330988000517,1
8240,11,8,45,2,0.1647177469429809,1
7937,16,40,8,0,0.6891433569803377,1
7190,6,40,19,3,0.5145711162678005,0
6240,8,45,29,1,0.20015421124936683,1
7493,2,2,48,0,0.3195894262599983,1
3878,27,30,59,4,0.5918079076633259,1
5143,12,30,39,1,0.07222934827247784,1
4644,14,12,59,2,0.14745300926617955,1
5432,17,10,18,1,0.07324560410739012,1
2276,18,44,53,1,0.8123173327141189,1
6811,0,11,23,2,0.7524092332120093,0
1302,5,15,42,2,0.7533129318792571,0
1638,26,16,40,1,0.716325343476028,1
1055,26,17,11,2,0.6693854236698692,1
9717,22,26,34,0,0.476991915378175,1
9150,26,2,23,2,0.642278163507115,1
3125,26,12,53,2,0.03836155478797465,1
1364,1,26,29,1,0.6214644226567846,0
7809,23,23,20,0,0.7778777055368772,1
5621,13,18,51,3,0.5003583603843902,1
6126,5,32,58,3,0.35751332842723693,1
6122,13,49,44,4,0.2774267348009791,1
2646,3,38,55,2,0.6428020501620825,0
1918,20,47,12,2,0.6928011986299087,1
3797,7,3,22,0,0.8709675998625426,0
7506,29,38,32,3,0.34233408246099073,1
6870,2,3,20,4,0.7697723073855856,0
2531,18,30,56,0,0.5613558241893379,1
9172,29,1,23,2,0.8828364906780791,1
4345,13,30,46,3,0.5278121082956208,1
8673,26,45,21,4,0.5176298283979672,1
7949,19,32,49,1,0.5778770814409091,1
7882,16,28,17,3,0.7493153551424344,1
2906,24,21,11,4,0.9646904788284609,1
4086,7,46,31,0,0.07356335421576565,1
9152,23,13,14,1,0.05343460239101716,1
6750,13,27,38,4,0.9375503374073385,1
9905,25,36,40,4,0.5298756255182061,1
2062,5,7,29,2,0.6149030145669361,0
2976,22,22,10,3,0.48242360159472886,1
2296,21,10,28,2,0.09365745260747449,1
7229,15,39,22,1,0.7680893784186665,1
8641,24,15,27,4,0.7472246450885869,1
1125,18,15,10,2,0.311703321492812,1
5632,13,4,33,3,0.3062392452284004,1
7288,18,32,29,1,0.8378413809055185,1
4596,2,23,59,0,0.07235725774132662,1
7168,9,6,21,2,0.8811051483565658,0
8561,18,24,50,1,0.2566616898959144,1
9258,8,20,28,0,0.5929847477554939,0
1232,27,37,15,2,0.9359941790017777,1
7371,19,20,30,1,0.6781225015366464,1
5206,12,12,55,1,0.4144298124670366,1
8943,6,33,38,2,0.6895342089054152,0
7891,13,28,32,1,0.3439796363163702,1
7738,8,8,7,4,0.27725841634918613,1
3472,26,1,15,2,0.9966832779346797,1
3739,27,37,42,1,0.7507902311797877,1
6401,22,22,18,0,0.6447199773818176,1
2761,24,6,55,0,0.3552896432193188,1
1876,27,21,30,4,0.04916082915504816,1
4812,18,32,52,2,0.03105687603515561,1
2460,14,35,25,1,0.5541812554487988,1
2733,19,15,58,1,0.7620327210390511,1
2605,13,5,43,0,0.5373791904438551,1
6622,23,46,34,4,0.8407850719391146,1
7767,5,48,12,0,0.03342653309322163,1
7986,20,6,55,0,0.3667520764259401,1
4517,28,25,24,4,0.23707039117417805,1
4735,3,46,52,2,0.44727296815712203,0
9434,7,40,36,1,0.07237639319412248,1
3590,16,29,26,2,0.9541316415710726,1
2063,29,7,11,3,0.22325540106936093,1
5324,8,40,13,3,0.9223077754835848,0
6342,0,13,49,3,0.4258931550366818,0
1005,23,38,5,4,0.985524133255218,1
8489,19,18,33,0,0.5540583834602107,1
9659,24,2,12,2,0.9308328641758075,1
9195,13,8,58,1,0.005348988694222845,1
6966,10,11,8,3,0.7482388061809001,0
9837,20,33,39,2,0.9030506531025154,1
1117,2,38,7,3,0.13972056697895407,1
3551,8,48,58,3,0.09612585173215149,1
6560,26,27,49,1,0.4245726071859556,1
5289,13,20,44,4,0.9336789061329351,1
1846,29,12,11,0,0.5423865601904387,1
7316,8,43,31,4,0.5274564637217322,0
7469,3,31,5,2,0.14112611829932187,1
9915,26,27,31,4,0.0007895110932187865,1
1224,3,32,20,2,0.8101400907454612,0
5208,27,10,42,2,0.08757456298623822,1
7283,7,3,11,0,0.633849818735324,0
3048,1,45,48,1,0.9146164545151915,0
7233,8,27,27,0,0.208651913158431,1
2828,28,35,45,4,0.6652728362369108,1
2917,13,31,15,2,0.07869857670750946,1
5234,21,15,46,3,0.603755143837613,1
7988,8,16,57,3,0.16393172095320274,1
3026,23,13,37,2,0.735953560515178,1
4744,22,49,54,0,0.3012312947939082,1
1009,15,35,40,1,0.46339100880464623,1
1260,28,11,41,0,0.5994305420276217,1
7038,29,21,45,2,0.17127341066623958,1
3219,16,11,21,2,0.7416378186176209,1
8041,15,30,39,1,0.30264034063681455,1
3060,29,48,52,4,0.6623718599127535,1
6287,11,35,9,4,0.15828305069937365,1
2619,2,22,52,1,0.6881176592063503,0
9512,10,38,36,4,0.12818807281046174,1
2342,13,31,7,3,0.4253564962699836,1
3832,17,14,56,4,0.24720607373887682,1
3824,20,24,51,4,0.7483752494281826,1
2994,20,49,39,4,0.26203500450687456,1
4490,4,32,56,3,0.8817173063953962,0
8984,15,36,18,4,0.8918202114066128,1
2604,19,32,52,3,0.19644131522278585,1
1235,4,15,35,1,0.6138459450077243,0
2908,2,43,35,0,0.08771764171996432,1
9567,11,35,21,1,0.3915370996016292,1
4530,0,3,28,0,0.7133217295012723,0
6256,20,16,56,1,0.6594232468499163,1
3635,28,5,27,0,0.624700669406608,1
9162,8,21,22,0,0.2825408636624436,1
3560,28,10,54,2,0.378024949434402,1
6415,8,19,58,0,0.10294614470028618,1
4391,3,25,18,0,0.719022820433601,0
6951,2,4,54,2,0.5038887967912735,0
6468,16,29,19,4,0.7087656323456546,1
9007,1,19,19,4,0.24894352479687276,1
7413,23,43,10,2,0.3244382286350662,1
7941,0,2,31,3,0.33421533726011465,1
5820,7,10,19,0,0.0257424097472162,1
3898,12,43,54,0,0.34104787283062354,1
8546,22,25,40,2,0.8033045735180335,1
1077,14,20,59,2,0.8972984957497385,1
8577,7,48,12,3,0.5182183156359275,0
5227,11,19,19,4,0.45550169521922024,1
1600,21,23,7,1,0.030824618699370254,1
2065,11,24,51,4,0.8792043375853826,1
3136,13,11,17,0,0.013010213425872719,1
7943,14,46,45,2,0.9447500802102118,1
8804,14,34,38,3,0.48921624868809066,1
7565,8,28,28,4,0.3419344935747266,1
6984,18,5,44,3,0.9242184348426601,1
6142,25,5,36,4,0.024390993110096737,1
5670,19,21,36,0,0.5814248948690871,1
3190,28,12,34,1,0.5489325244993376,1
3712,21,4,56,3,0.21932040121138208,1
3192,7,49,53,3,0.42888743135021057,0
2248,20,42,17,1,0.6522640059437702,1
5033,18,20,5,3,0.7271311968819275,1
2997,5,38,38,3,0.0007168587065797816,1
4687,19,25,19,4,0.9368534300910153,1
5018,24,14,48,4,0.1645253723928124,1
2970,28,11,18,1,0.2335804342223592,1
9389,18,32,33,0,0.26347344569384823,1
6765,3,11,38,3,0.03782013655203531,1
2202,22,18,22,0,0.12305212359032491,1
9135,6,27,58,1,0.986349922944162,0
6567,27,18,11,1,0.31521673737728606,1
8667,27,23,33,4,0.11530109033904934,1
6742,3,11,59,3,0.10699126117462332,1
6788,21,21,35,2,0.7194599676699719,1
6408,11,44,29,1,0.8545686640326409,1
9669,12,5,42,3,0.2569522995084699,1
1922,2,23,18,0,0.02090951233523497,1
1419,21,41,12,4,0.2230900184453558,1
3204,11,25,31,0,0.056515690796757334,1
2120,1,41,58,1,0.10339493663004151,1
1950,23,10,6,1,0.43150811984764237,1
3336,1,22,21,0,0.22991837086163258,1
6373,26,19,41,1,0.5159458785254234,1
3243,22,1,18,3,0.25349375325719037,1
3645,8,7,29,1,0.9405373011029476,0
5612,0,4,34,4,0.9059439679262645,0
2865,7,1,33,3,0.566806105010466,0
7028,22,15,24,2,0.35442399198738617,1
8326,5,40,25,1,0.38114688203473557,1
7371,5,12,57,1,0.41185228314449696,0
7359,21,22,26,4,0.727579322134944,1
8863,24,22,39,4,0.4516389955188379,1
4228,17,47,41,0,0.8567299465058974,1
4719,16,17,20,0,0.9440947859303646,1
3371,28,29,54,0,0.33594615337893385,1
3891,11,46,53,4,0.5606944813756801,1
4756,5,14,47,0,0.09505653683256443,1
5225,25,20,21,0,0.200469047766359,1
1094,26,48,20,2,0.4134657667101601,1
3674,7,33,59,0,0.20620271590177885,1
7898,18,43,6,1,0.8765604907887176,1
1793,27,15,8,4,0.15828625605909807,1
3116,9,12,25,3,0.45566082155309195,0
6779,0,40,43,2,0.6056992404598757,0
7166,24,20,38,4,0.6918639081608444,1
1814,28,30,34,4,0.38306936972650674,1
1345,12,38,10,1,0.8690990687247285,1
9554,16,3,21,0,0.5683191510779255,1
3443,2,28,43,1,0.4395077804475518,0
8783,7,26,29,0,0.06724063405203662,1
1984,13,30,9,0,0.464689468445165,1
8790,2,13,9,4,0.8207358408157303,0
1827,15,13,24,0,0.6145410182213155,1
4531,12,2,20,2,0.8321624537291183,1
8147,19,37,55,2,0.4940116705993056,1
5451,23,49,45,2,0.11846170509448184,1
4876,16,38,41,4,0.01363984583588107,1
6959,12,2,44,1,0.3032195467185912,1
1126,28,36,13,3,0.6979904714977925,1
4177,5,26,9,0,0.7902599039416938,0
9795,16,11,46,3,0.2957528346203294,1
7024,13,8,6,1,0.4956539208832471,1
6109,16,44,13,1,0.4211189044340816,1
5146,29,40,47,4,0.41052278435142786,1
8196,7,43,40,2,0.2313487132001505,1
4368,10,22,26,2,0.13637110502945837,1
4797,19,20,26,1,0.19668855823121312,1
2792,27,8,26,4,0.0553323871633461,1
6732,0,29,38,4,0.19813074182357704,1
4476,25,40,59,0,0.009200897625379456,1
4417,6,26,33,2,0.6272584006359783,0
2645,20,30,42,1,0.3163754073876829,1
4030,20,17,50,3,0.9731447114269086,1
3872,16,20,37,2,0.19371705077629786,1
4072,29,16,22,0,0.3458285703095939,1
2854,9,46,11,4,0.3578411586415332,1
5021,10,43,5,1,0.00845149606246054,1
5662,21,7,37,2,0.8392079530394589,1
7514,29,16,5,3,0.03199446014432472,1
6031,8,45,28,0,0.9401798347292414,0
3708,8,47,8,0,0.8920743510936207,0
8112,23,48,8,2,0.5355219160859636,1
9393,4,27,22,3,0.5435955749112921,0
4507,16,23,31,0,0.6537779229561563,1
7456,8,24,47,1,0.387050011934887,1
5212,16,9,36,0,0.6472222833978555,1
8970,23,35,37,3,0.04476838868848687,1
9766,20,20,32,4,0.05404762734972657,1
1536,18,37,46,4,0.45723041961954436,1
2625,26,42,45,2,0.5496223011060349,1
8973,6,17,59,3,0.887817640335819,0
9577,22,47,40,0,0.10466063390789626,1
9070,8,31,10,0,0.8226479271938894,0
9666,6,8,20,4,0.2100473372920696,1
9609,12,15,38,4,0.39408364851003186,1
7490,10,31,27,1,0.3166024348274129,1
4600,13,30,54,4,0.400155272865399,1
7783,18,46,46,1,0.15049549807258555,1
5971,10,20,28,0,0.503570074403555,0
2205,12,39,53,1,0.8016425898313673,1
2990,13,12,17,1,0.44153401037889695,1
6299,12,49,22,2,0.4906135758981991,1
4572,0,17,58,4,0.8487675852813142,0
6975,7,42,17,1,0.7060581146380308,0
7320,11,30,53,0,0.4904544085197847,1
5380,18,29,41,3,0.25769564818917967,1
5757,11,19,47,1,0.8849267468449666,1
3713,7,46,43,4,0.5770204016905583,0
6588,7,11,46,2,0.2211476101106934,1
1966,28,34,21,0,0.26911975263801036,1
5944,20,7,19,2,0.8031330889362459,1
4432,12,44,22,3,0.04414556208745546,1
1688,11,34,27,1,0.9920921870288201,1
5243,28,20,58,1,0.13035167971479178,1
4701,15,38,55,4,0.7960685253969374,1
9533,0,24,34,1,0.39477531677168287,1
6182,12,10,38,0,0.49221618328746686,1
7704,25,32,8,3,0.8806505774645779,1
5422,6,15,7,2,0.41291118958921325,0
2759,27,37,11,3,0.5374937536732345,1
3482,25,20,22,1,0.04929966240916994,1
9058,4,3,46,2,0.0023474738674531537,1
1951,7,37,11,4,0.2447998730017259,1
9914,24,40,44,3,0.6805830929187673,1
3079,26,8,10,2,0.1212648933591367,1
3717,13,40,26,2,0.11376195880454942,1
5524,22,44,5,2,0.4109606080359033,1
9477,29,23,8,0,0.6478370386082265,1
8311,12,40,50,3,0.7120719922479305,1
8186,14,11,53,2,0.17845067409837478,1
3065,22,46,56,3,0.07958814737204245,1
1768,16,8,54,2,0.9403970339455442,1
6490,14,29,47,4,0.26066638256210173,1
7645,19,30,33,4,0.8533464976087238,1
6083,17,10,25,4,0.8634914504628183,1
6232,17,39,30,1,0.7725225917625445,1
6797,1,28,18,2,0.16883360665257008,1
5926,3,49,13,1,0.8218014592542003,0
7016,29,36,51,3,0.7692505592415867,1
4335,0,13,16,1,0.5967229901062171,0
9038,3,32,46,3,0.33720203516895275,1
5873,17,36,55,3,0.2625086042665441,1
2481,4,37,55,3,0.12188921208035897,1
7305,18,26,10,1,0.5097570669008714,1
4451,14,22,24,2,0.5852608755098465,1
1054,27,4,28,1,0.3593389905157872,1
8643,7,31,31,2,0.47535906768086855,0
4462,19,18,42,2,0.3635144573692667,1
1832,16,38,12,3,0.6410060573207013,1
6954,0,24,5,1,0.9012592077965633,0
9519,11,23,58,2,0.16392026204694488,1
8221,25,22,53,4,0.3814088099031234,1
4310,18,2,53,2,0.14086860395086132,1
4300,14,31,28,4,0.624943770407832,1
7722,8,11,51,1,0.7288705094885958,0
8218,6,28,11,1,0.9319127325974559,0
8776,1,46,23,1,0.2788719262609649,1
4675,28,32,26,2,0.9502112058654302,1
4054,8,5,59,0,0.0632626718206748,1
8970,9,38,39,2,0.6030138633645882,0
3143,1,10,34,2,0.057132719343329974,1
6207,18,40,33,3,0.8937741877619448,1
3538,10,46,26,3,0.5298090570700541,0
5547,12,24,15,2,0.6693483507627961,1
6619,9,35,24,4,0.8315739259104525,0
9356,13,44,33,3,0.15031062248396876,1
7612,17,48,55,2,0.038591561938133845,1
6005,18,23,45,0,0.8788811459128522,1
1822,21,17,46,4,0.3149332274589325,1
1943,8,1,38,1,0.12897890792716526,1
7150,24,31,5,2,0.46846123708708653,1
5425,6,31,35,2,0.5983060756960188,0
9966,27,42,34,4,0.030970603422510123,1
3198,2,42,52,3,0.2748956582570877,1
5242,19,34,22,3,0.03279987427689601,1
4695,5,9,59,3,0.42033538919549895,0
4452,26,22,21,1,0.8951000290662443,1
2308,20,13,42,4,0.9826524114935692,1
5177,1,25,18,4,0.6370475535036275,0
9705,28,48,27,3,0.1616376937845918,1
7852,5,18,29,3,0.9058493899993058,0
7035,2,12,19,0,0.5162478232000605,0
4594,15,40,50,0,0.1537493121029181,1
5841,29,17,26,2,0.9217266694516614,1
2409,7,15,7,2,0.757469050723103,0
5566,1,42,59,4,0.7317052727231516,0
5491,16,15,23,4,0.7091807037944047,1
2555,8,15,48,1,0.20033982109644233,1
1804,29,39,38,1,0.21100669170752606,1
2279,11,13,39,0,0.688292998427255,1
8083,2,17,54,2,0.21972275011039688,1
6986,10,32,5,0,0.43867169680304885,0
6619,0,9,56,0,0.7820018255939414,0
2387,22,40,25,2,0.783952518097841,1
3679,12,20,33,1,0.45326177252585964,1
3106,14,26,10,2,0.7921899382752451,1
9173,25,27,41,3,0.8386217961980568,1
5223,4,21,5,3,0.6547757512842602,0
5831,20,18,55,3,0.22842585230842016,1
3768,29,13,5,4,0.2740117803855475,1
4186,16,16,31,1,0.31484115540873536,1
3573,24,9,25,1,0.116804107733952,1
3599,22,12,57,4,0.2731596203699451,1
5033,23,44,20,0,0.20951922431253212,1
9428,24,38,48,3,0.45532874980860216,1
2304,5,19,58,3,0.9084375478722649,0
8368,27,7,44,0,0.10448031675395808,1
6877,20,35,30,2,0.7202679239473956,1
2301,21,48,20,2,0.6872830044131277,1
3541,10,18,32,1,0.09575419866335766,1
3051,17,16,5,4,0.9225724049058001,1
7809,3,39,40,1,0.5684722021568196,0
9633,2,4,14,2,0.36372552113568424,1
9996,12,25,47,0,0.7565385834953067,1
1074,22,32,21,1,0.25736545840163405,1
7981,8,40,27,3,0.6935098370463204,0
6475,20,13,11,3,0.03971120757224722,1
9232,5,45,48,0,0.839408037609272,0
8184,25,17,57,2,0.4481708470213185,1
6796,29,49,11,3,0.6366929143579417,1
8141,27,37,48,3,0.22123781980668367,1
2622,11,6,19,4,0.677073712658448,1
9041,1,19,38,1,0.7722402758932766,0
1341,2,13,50,2,0.47321318688439873,0
3074,2,26,49,1,0.6177269240617943,0
8992,27,14,8,2,0.45632592382239856,1
1645,11,31,18,3,0.8940913692578455,1
5263,14,4,18,4,0.49786918051431917,1
9801,8,39,20,1,0.8418087090288189,0
7136,22,8,11,3,0.8013520582702486,1
9646,7,25,36,2,0.41050482134835653,0
3969,10,13,23,1,0.23008449185747504,1
4028,15,32,6,1,0.406082132559771,1
8643,25,38,14,3,0.8262173757752201,1
3681,26,38,54,1,0.22763253581939236,1
4629,24,28,21,4,0.5244363458577493,1
5225,21,30,41,4,0.8060967479607475,1
4067,3,3,16,3,0.3534774751283788,1
6941,27,28,10,2,0.6422096370026974,1
2386,0,3,26,3,0.24563157404881453,1
3866,23,45,36,4,0.10927944536815992,1
5788,6,34,45,0,0.7943842250928563,0
6490,1,16,24,0,0.09896862340870682,1
5124,23,22,5,1,0.2713813950795846,1
9340,27,32,58,1,0.8551094219974401,1
4850,4,38,51,0,0.3464692870786672,1
6415,6,8,57,4,0.9730453495141611,0
8679,3,8,10,1,0.9797343347738597,0
7819,4,6,23,3,0.2682760204535567,1
9378,23,14,22,3,0.04097822224989045,1
2333,0,32,10,4,0.7050632842053791,0
5150,0,35,49,1,0.4509865026483437,0
7766,14,10,37,3,0.10075284395957629,1
3711,19,3,27,1,0.7075228189780428,1
5853,18,12,27,1,0.031174909111921223,1
7212,28,49,30,3,0.8701966904922421,1
8479,9,31,17,0,0.13865252911330372,1
6408,27,29,11,3,0.127311878746725,1
8715,17,5,19,4,0.17567229796858452,1
9942,27,25,48,2,0.9602663584920665,1
2762,2,41,31,3,0.693169360253846,0
8101,10,31,30,1,0.8013715354636367,0
8674,14,21,37,1,0.397634985732753,1
7122,26,20,19,3,0.33631272750495556,1
1481,29,39,40,2,0.23448400678316994,1
1153,10,22,49,3,0.48064802831240894,0
8617,16,4,59,2,0.5518287335341685,1
2524,16,13,31,2,0.6317748436527554,1
3120,5,45,9,4,0.2571185039986945,1
3343,4,42,6,1,0.9486540809029906,0
6136,7,49,59,1,0.16975849820713584,1
6760,1,20,37,2,0.9656531747664123,0
2240,15,13,20,1,0.014856122507503788,1
1060,19,17,27,0,0.4811256918168456,1
2639,23,36,42,2,0.3333678381165628,1
7185,11,33,59,1,0.4491234139302508,1
8970,5,1,20,0,0.570664578980789,0
2252,0,15,18,4,0.43558915801270903,0
5203,3,13,33,1,0.41484685030159496,0
9363,16,17,30,0,0.7327234154133065,1
4549,12,24,39,3,0.6858762750864646,1
5197,17,8,19,3,0.8332712820358479,1
8009,4,27,7,0,0.24995898123949556,1
7667,29,45,27,2,0.6095285097540636,1
3322,23,23,33,2,0.5851947853928539,1
5090,23,46,38,1,0.36973781087268875,1
7960,26,8,37,3,0.4860575419026809,1
4004,2,8,45,2,0.31378214330572873,1
6136,10,26,45,2,0.1418443976169852,1
1329,12,47,27,3,0.21380121066273283,1
4640,3,13,11,4,0.10551364640120109,1
8982,25,39,7,2,0.6830695751901241,1
5107,26,37,36,0,0.6607273931091515,1
2341,13,49,35,1,0.9506063715798728,1
9407,21,28,22,2,0.7296784136472413,1
1338,10,25,47,2,0.052045838756131446,1
6895,26,16,11,4,0.8842451739289542,1
3708,9,2,45,0,0.8626751629457258,0
2750,18,18,5,1,0.4433203207726987,1
6604,17,17,18,2,0.5858630505279215,1
3421,5,30,56,1,0.9760783324725189,0
8119,26,39,36,3,0.5323043638481663,1
9901,28,13,10,2,0.9053218283760898,1
6319,14,32,43,2,0.08303875781018644,1
7609,20,29,14,3,0.19105186870868285,1
6387,29,46,11,4,0.4407549434413178,1
4993,9,30,30,2,0.5847568083373047,0
9680,4,18,38,1,0.8162278518628002,0
9044,25,13,34,0,0.9882621151431868,1
9238,28,43,40,1,0.38885149647411643,1
5873,4,21,25,4,0.04741563614008493,1
5806,9,30,21,0,0.8011715032953248,0
9592,27,21,37,1,0.6043807190828081,1
6913,4,48,14,1,0.19854285886820167,1
8124,2,17,55,3,0.49482845662142017,0
4157,22,40,51,4,0.7423102455337244,1
1390,5,19,46,3,0.7704117870686438,0
5430,3,15,55,0,0.499618411998762,0
9820,17,9,16,3,0.30521453012885913,1
8686,27,10,20,4,0.9737425820384935,1
5232,8,44,45,2,0.6633626109564928,0
9007,16,31,36,2,0.4082375193462987,1
2521,28,23,19,0,0.2804632242046524,1
2500,12,30,31,2,0.7311029830035621,1
7737,26,33,32,3,0.2421834455937677,1
4294,14,9,21,0,0.17170998897368817,1
6085,29,47,50,4,0.5298338889620703,1
3419,19,1,54,0,0.28998739264414186,1
4042,16,44,6,0,0.628905144923615,1
5497,12,35,40,1,0.11793867487423348,1
2466,15,11,54,1,0.6549411045673216,1
4561,21,34,11,0,0.2832965279977022,1
1614,3,16,17,2,0.00024293443451273156,1
6392,4,9,19,1,0.12693605767417637,1
8693,4,32,29,4,0.9336153778350941,0
4223,8,15,27,3,0.8673546391153578,0
8138,16,12,26,1,0.23360903203623684,1
3667,12,33,30,0,0.7783719045454912,1
8980,1,45,37,2,0.6085715931739742,0
1130,12,14,15,3,0.9709047114498695,1
3983,21,8,14,1,0.3736056595340591,1
5278,20,8,29,2,0.6814606125171713,1
8126,26,27,41,2,0.06353572242391858,1
9230,22,12,52,2,0.39624734681640594,1
8694,18,1,47,0,0.9638176611881805,1
7640,2,43,57,4,0.5389808744501206,0
6468,9,40,42,2,0.2878795033348446,1
1920,1,42,45,3,0.12027096312860686,1
8564,12,11,49,1,0.7035283401815304,1
9684,18,39,28,3,0.6448560434297268,1
9502,25,43,44,0,0.3739387136037746,1
9930,16,31,50,0,0.9509413518658343,1
4241,20,17,37,3,0.022202812987850318,1
1545,13,33,21,4,0.3037238516318258,1
5346,11,32,28,0,0.9210694862995814,1
4810,20,29,41,0,0.3209354383194404,1
8206,11,21,6,3,0.2522528338551704,1
3032,10,21,36,0,0.5342204099312473,0
9436,6,40,28,4,0.8238017499205379,0
1271,3,23,13,4,0.10314676087836105,1
4511,18,6,8,4,0.9430207096457361,1
2771,0,22,21,1,0.795072881181164,0
5361,27,38,21,4,0.18125025555155194,1
8069,23,37,57,4,0.7120079611981627,1
1920,28,45,54,1,0.38495872263755715,1
9190,2,8,52,2,0.4022946780763187,0
4430,12,41,34,0,0.7832900924388664,1
5435,14,49,44,4,0.9627848079807322,1
4760,1,35,15,0,0.12665587284719393,1
3050,10,11,25,3,0.4206302368788194,0
2165,3,24,25,0,0.48094160808430353,0
9567,18,49,22,1,0.3763118169549976,1
3033,28,21,59,0,0.363189123716225,1
7467,16,2,33,0,0.05226866756159654,1
1145,2,40,28,0,0.6855386205626233,0
5388,27,19,14,2,0.4362144171200454,1
8832,17,39,49,2,0.19479380264392676,1
9623,7,28,21,3,0.8160335023020684,0
9896,21,17,22,1,0.8025607481516279,1
9173,24,6,46,0,0.4863916280888938,1
3632,23,19,52,0,0.29845066114776053,1
5494,25,38,24,0,0.6380927257964524,1
9056,18,28,41,0,0.28815213577740306,1
8511,4,2,49,2,0.23600793032371203,1
2828,6,38,22,3,0.7305146540263266,0
5805,20,37,21,4,0.0403252397209507,1
1806,7,4,13,1,0.09476847103459396,1
8486,27,22,18,0,0.006788174023589777,1
9202,4,26,53,3,0.15294318647542615,1
2868,16,49,33,4,0.06899000871045946,1
8878,4,43,35,3,0.9958023677799186,0
6690,3,36,8,2,0.2888099699540896,1
8827,21,13,22,4,0.14926801266924727,1
6429,18,32,24,3,0.24099625799591795,1
4564,26,17,51,2,0.9361255715401346,1
2389,20,41,47,3,0.5201602230243957,1
8274,1,36,48,3,0.3648180963078569,1
1824,10,46,13,4,0.8733914579092193,0
3265,21,19,17,2,0.39499027054903246,1
1936,12,35,19,0,0.3350085699576958,1
7402,14,46,31,1,0.20728252254973556,1
4845,11,40,19,4,0.3777968239094115,1
2796,21,28,32,2,0.316684356016926,1
9245,20,1,41,3,0.677303959298141,1
8214,21,42,59,2,0.2895827046707271,1
1726,10,18,23,1,0.5771997464225614,0
3736,6,48,30,1,0.0658921650319727,1
2913,27,40,56,0,0.19128915669651436,1
8657,4,33,30,0,0.40740527161134876,0
3466,16,12,29,1,0.9369492539086954,1
8312,23,8,30,4,0.3772519857156954,1
9194,19,24,30,4,0.6640741211998341,1
8906,8,16,50,3,0.25508722242139814,1
5876,13,4,32,0,0.12703357597323173,1
8287,25,38,53,3,0.05853660008005013,1
1892,11,44,22,0,0.30541349854275135,1
5675,5,27,36,1,0.15766102679690797,1
2933,16,9,57,4,0.1740104480161242,1
2380,18,47,7,4,0.76075930838695,1
2290,18,16,6,1,0.015838070944874216,1
2640,25,12,37,3,0.5578101257354344,1
8490,15,31,46,3,0.3794613805934648,1
2218,11,24,23,2,0.5065499999085472,1
6016,11,14,21,0,0.5628302372146029,1
7881,19,45,48,3,0.3133676944572782,1
1954,5,25,37,1,0.2951088601842853,1
8291,22,34,16,3,0.7334018493349057,1
1974,25,3,53,4,0.8712769881211572,1
5133,3,24,7,0,0.19258163245852788,1
6370,5,42,47,2,0.09761876053514895,1
4972,10,9,53,0,0.8977958063920259,0
6295,0,26,59,4,0.34989546364739865,1
9228,29,20,30,4,0.5513173906628142,1
4020,23,40,39,4,0.35954314452000347,1
9987,22,10,12,4,0.1258023363460513,1
5036,14,19,56,1,0.589331644947728,1
6068,26,3,40,2,0.5251408517696297,1
6233,10,24,57,4,0.20299355919119721,1
1317,24,5,58,4,0.45186904465227784,1
3396,18,3,11,3,0.7969475040156458,1
3162,17,27,50,2,0.5904261031078913,1
3745,16,16,50,0,0.09691732706699485,1
2591,18,49,40,2,0.5480214972291351,1
7183,20,15,20,2,0.7027382992895869,1
4930,13,35,28,2,0.7927034057807514,1
2312,26,12,58,4,0.6291175786342668,1
5311,17,41,5,4,0.15265816454078374,1
8314,27,44,53,1,0.7101732665901607,1
3383,18,26,29,0,0.6773418460815164,1
4239,14,47,14,3,0.02442688294063322,1
3139,14,34,58,2,0.41174766759024317,1
2704,3,23,20,0,0.3329502469623733,1
7924,6,31,20,0,0.6694120642536434,0
1362,12,20,12,1,0.21613581231092072,1
3604,2,12,33,3,0.5908719229742585,0
5286,15,23,43,2,0.9132059618141724,1
4738,8,4,32,3,0.7978023722086077,0
3469,7,23,10,1,0.9214577362165304,0
5795,19,48,20,4,0.97850596693269,1
7150,12,48,24,0,0.010670127006162766,1
1556,16,1,20,2,0.6227412763774776,1
3808,16,25,11,4,0.41283939775890643,1
6150,16,2,45,1,0.8598544903351217,1
8561,0,30,18,3,0.2518147020091317,1
3719,7,3,47,0,0.9810294891150761,0
7506,18,21,30,2,0.6137079695437473,1
4741,5,25,30,4,0.793537402228831,0
4998,2,20,18,4,0.08559955282276832,1
3403,26,49,11,0,0.18345788475886504,1
9780,4,22,37,3,0.7584036730342032,0
1294,12,21,30,1,0.02198652203932361,1
6343,14,33,49,3,0.8168779858937828,1
2136,13,38,24,3,0.013949018691911452,1
3064,28,15,7,3,0.6571188390612733,1
8009,22,46,56,0,0.36509392023180587,1
5543,15,15,8,0,0.6114948527191991,1
2007,17,46,30,1,0.6960314069891137,1
6445,21,25,15,3,0.3424752191863042,1
6352,28,21,6,0,0.10796244811083555,1
2435,21,24,18,1,0.06964586774826564,1
1571,10,5,48,1,0.5889360225625478,0
3382,2,6,34,3,0.5206553537341115,0
6084,21,49,53,2,0.7422010091211325,1
1277,9,43,16,3,0.5097355100039371,0
8059,9,48,30,2,0.4224457900308791,0
2887,29,44,48,1,0.39808717823623085,1
2265,20,47,37,0,0.026446902597667465,1
8491,15,23,17,4,0.33555720169665715,1
2040,11,4,18,1,0.9760201575244942,1
9073,1,27,28,0,0.8735555762270888,0
3752,8,18,38,1,0.3293780670342177,1
9213,23,21,48,3,0.5877954050663722,1
5569,2,28,30,2,0.847296745535494,0
7353,23,35,25,1,0.44127433675006866,1
3353,29,22,32,0,0.01795786375015096,1
8437,24,40,52,3,0.07451046181864007,1
5799,29,23,40,4,0.5103927213487066,1
1686,14,3,44,3,0.9694393756758783,1
9476,2,40,6,2,0.6932095422188678,0
5811,18,10,46,3,0.07091619143856953,1
9954,17,25,13,4,0.18936087579186278,1
6346,7,49,27,0,0.77132314321685,0
6043,25,8,19,1,0.8414397599562448,1
3428,16,11,17,2,0.6176945861885909,1
6126,7,5,27,4,0.6444231696298166,0
9220,6,45,21,2,0.028337450383384644,1
8813,29,37,52,3,0.8285302595815085,1
4356,6,45,6,2,0.7882752081708296,0
9707,2,38,24,4,0.25903514410334716,1
8266,0,29,24,1,0.708676719965507,0
7540,3,5,50,1,0.2148546064249981,1
1038,24,9,7,2,0.04033016105151299,1
4342,4,48,59,0,0.20113654259037728,1
3844,0,2,16,2,0.1786288767542995,1
2098,14,1,44,3,0.33774799673484723,1
8027,4,40,6,1,0.4184494971754581,0
2823,12,30,40,1,0.5085388914977079,1
4155,7,11,18,1,0.47675387550832815,0
4093,7,28,20,0,0.27067460596528936,1
6658,4,44,23,0,0.029170668574074465,1
4778,27,12,38,4,0.6051016222371507,1
3896,8,39,48,2,0.3957448298473544,1
1988,0,26,50,2,0.2986721573875497,1
5116,3,13,10,3,0.8669410428305123,0
7446,2,8,17,1,0.7467433077981598,0
5179,1,28,40,0,0.8577655483724422,0
2682,7,30,26,3,0.494982794712461,0
6626,22,9,22,3,0.13093125212677748,1
8424,8,39,16,0,0.6962214361212724,0
1933,1,31,56,2,0.20607377993717524,1
4598,13,21,58,1,0.4412296690917168,1
2980,13,47,34,2,0.0650007889488885,1
4056,3,34,57,3,0.8253084024229824,0
9984,29,31,55,1,0.12594064104750058,1
1791,5,25,44,4,0.9030975070493097,0
6390,10,12,11,3,0.8642306022615571,0
7635,2,1,36,2,0.46458276443924607,0
3255,7,22,52,2,0.7443682043039906,0
4610,2,40,23,2,0.6194450738181533,0
2607,13,37,10,0,0.8030756423377449,1
6179,27,47,24,3,0.43180510078591205,1
7573,12,1,31,1,0.78580848424435,1
1984,12,1,57,2,0.46245681706514796,1
6776,1,42,47,2,0.9409657878427938,0
4676,12,42,41,0,0.4863721008251476,1
4380,28,21,52,1,0.46261927193372954,1
9711,18,15,11,3,0.7850718615635127,1
9782,26,17,9,4,0.821577691760838,1
2050,5,22,15,0,0.5544891143211708,0
4633,15,38,19,3,0.1797978134950754,1
7342,1,35,7,4,0.4677582309575795,0
1959,7,45,9,2,0.9680725029096784,0
7059,16,16,27,2,0.7529861930391851,1
9884,22,8,57,1,0.8111626038791322,1
6655,1,47,41,4,0.03282549881924013,1
5473,9,17,13,2,0.4678594626341599,0
3946,27,17,19,2,0.6466211336575554,1
8725,15,26,7,1,0.8300326836280747,1
1526,5,13,33,3,0.04927365358277147,1
4224,27,17,10,2,0.8524388856418731,1
2875,1,38,21,0,0.5484009367419117,0
2763,1,17,30,0,0.19731397057605993,1
9712,25,48,25,3,0.3172552164497,1
6797,12,14,12,4,0.28192955175156076,1
8099,23,45,25,1,0.5308590342884758,1
6109,14,6,15,0,0.05168567991113182,1
7644,27,35,42,0,0.15853615849992353,1
1116,1,46,12,3,0.8126930433757824,0
3433,6,14,46,4,0.13260399074681106,1
6463,2,47,28,4,0.23339626945812697,1
1583,7,8,39,3,0.4533706056041573,0
9586,22,15,59,0,0.5171208881133305,1
4788,13,27,18,1,0.7636104796141586,1
5167,23,13,59,0,0.4473324266661878,1
9465,29,49,18,4,0.7898646210355388,1
2389,22,31,14,0,0.6183463070454575,1
9357,26,35,16,1,0.11309973942382245,1
7154,21,6,42,2,0.15633143839283858,1
6420,28,5,48,0,0.4370337254497708,1
9920,6,22,59,3,0.3968893930890396,1
3043,20,49,50,2,0.7435442696372946,1
5197,6,23,38,3,0.5807371397973519,0
4496,0,25,45,3,0.3881330810022493,1
1778,16,34,14,3,0.17076028345038563,1
1213,8,26,21,0,0.22683710232549514,1
4762,29,47,21,4,0.575501018469059,1
7731,20,5,7,2,0.42343880489979246,1
4117,12,26,35,1,0.5149275088606721,1
6791,20,20,55,4,0.17067743530223367,1
9783,18,6,5,0,0.6629062523445658,1
3720,20,6,16,3,0.852538740855967,1
9905,18,18,43,1,0.2579395067869006,1
7047,24,4,8,2,0.4915142258318266,1
9032,24,17,46,4,0.9755273290209018,1
1001,21,14,17,4,0.33324174055072764,1
7368,16,14,38,1,0.5950463449237612,1
2949,22,13,46,0,0.09019570020024437,1
7732,22,7,25,2,0.6060150024794432,1
8833,29,44,26,1,0.08963177330461791,1
1917,9,15,8,3,0.959235435323822,0
4174,9,19,22,2,0.7156626520723114,0
8014,3,43,9,4,0.7881597881357064,0
1089,7,47,23,1,0.7041043607716369,0
2709,21,44,6,4,0.5897290360764658,1
4041,19,35,16,4,0.44991278108550536,1
1105,19,17,21,4,0.8583733797610624,1
9619,17,35,14,0,0.956835667543063,1
2895,13,19,38,4,0.4990361729040813,1
7090,17,20,10,3,0.931535049155262,1
9508,27,36,12,3,0.5833329099885175,1
7082,13,35,55,2,0.5383841868964332,1
1634,19,32,15,4,0.4544827329553567,1
2925,20,48,16,4,0.20928776153011985,1
3056,23,44,13,1,0.0037196608180591895,1
7917,14,40,6,0,0.24150622685606127,1
4144,21,24,12,2,0.5097231716035652,1
1552,29,17,15,4,0.37995995225975254,1
9907,3,7,57,1,0.4484852280026338,0
6383,12,43,40,0,0.9806482195640496,1
4911,26,1,14,2,0.3502723706693276,1
4389,22,35,25,2,0.4521829393601079,1
9442,7,32,24,4,0.13351555135281956,1
3430,17,36,52,2,0.04795773243698764,1
1458,11,13,12,1,0.7754095145924946,1
1207,22,6,40,2,0.5706831750719786,1
1899,13,14,33,3,0.760704806043895,1
1021,1,37,46,1,0.14986279888655163,1
9601,17,48,16,0,0.5718287711826909,1
1894,23,15,18,0,0.25364247434137555,1
1514,1,47,52,4,0.22806181690001992,1
8294,10,4,58,4,0.011526014052985256,1
5904,8,40,54,3,0.1303407235690719,1
8867,11,16,25,0,0.30926811149969535,1
5109,16,28,26,0,0.11687876059093905,1
8179,14,16,25,0,0.9858584404109375,1
2560,24,4,48,0,0.30863264852395067,1
2266,16,45,54,2,0.13032394670232816,1
4638,25,26,34,1,0.19908231282795774,1
9941,28,28,43,1,0.5877032283414765,1
4427,25,32,24,3,0.06404352386478851,1
5780,17,45,28,2,0.8624341301411569,1
2927,21,2,27,0,0.9614996792371473,1
3356,5,31,11,0,0.24674742066738087,1
5790,16,3,13,4,0.45009526859085935,1
1306,22,8,5,4,0.02213445102949707,1
8979,23,24,30,3,0.6407102247272215,1
4665,17,15,42,0,0.41392605805258886,1
8057,7,43,42,3,0.2700584661015557,1
1661,8,31,58,2,0.20683711061660848,1
5644,5,9,48,1,0.6540230776587604,0
9503,4,39,26,0,0.41621703103231444,0
3920,11,45,48,2,0.17965928902991202,1
9946,24,2,14,0,0.689109081486824,1
7236,28,8,59,4,0.5650722830366937,1
7078,27,7,10,3,0.8586720549294962,1
1352,10,44,21,4,0.1174758988764929,1
8005,24,39,55,1,0.7856666019444561,1
1158,0,42,54,4,0.673516786817259,0
1956,10,16,42,0,0.11501093682809782,1
3071,18,35,28,4,0.6948207298717207,1
9595,8,30,55,0,0.4415472888798304,0
4453,26,10,14,1,0.9449847855558431,1
7675,1,38,12,4,0.1416113506178993,1
1955,11,18,25,3,0.642833390815738,1
7295,3,5,10,3,0.38198004546294595,1
2712,3,29,25,3,0.9568146705908778,0
5703,17,39,43,4,0.32997489529027646,1
7563,14,34,28,4,0.9621859094918002,1
6631,18,43,37,4,0.9014858511007491,1
2394,12,45,22,0,0.27038323531065633,1
5732,18,23,32,1,0.8035417768264277,1
4714,16,5,56,3,0.995604201803506,1
1529,5,30,36,0,0.25266300217128235,1
3958,15,6,16,3,0.43677716932331967,1
8904,23,46,52,0,0.5201807365667597,1
4591,11,44,46,4,0.2949311358038643,1
7895,18,4,31,3,0.01526483964602976,1
1525,4,29,14,4,0.22012924419752666,1
7477,16,23,50,3,0.28193688434175845,1
1001,25,6,56,2,0.44359970131818716,1
1374,22,32,46,0,0.17110247841340187,1
5648,25,42,36,2,0.8732543566916726,1
3365,28,18,46,0,0.7049111327313361,1
2525,0,15,30,1,0.08520047755966198,1
2646,27,40,29,3,0.6500924511399314,1
1013,26,32,15,1,0.6536564764056204,1
5599,24,9,27,1,0.9562211736436277,1
3278,23,37,38,0,0.0030208713561612477,1
4155,22,10,56,2,0.2479324498058072,1
9321,9,20,44,4,0.9277914793753155,0
4814,14,6,27,0,0.932133915398283,1
4216,22,48,33,4,0.7205864193706374,1
9219,20,3,35,1,0.76576332104754,1
3113,20,42,11,4,0.09148295792964711,1
5356,10,11,44,2,0.5138758347782336,0
6543,12,43,37,0,0.2315829912889994,1
5555,4,17,25,2,0.18121804361361726,1
8062,0,32,6,2,0.8103032991233325,0
4374,23,4,22,0,0.13503813668054743,1
7430,11,4,51,2,0.46865163699638523,1
4466,10,17,37,3,0.938578239586033,0
4081,16,41,41,3,0.18583205556534255,1
1629,3,19,38,3,0.9779934237382346,0
1269,14,5,24,4,0.994287985761059,1
6724,24,32,39,2,0.5556171546824029,1
6897,29,22,55,0,0.17014274017715791,1
4432,8,6,54,0,0.31610488794089564,1
7276,20,35,58,4,0.42449283267653515,1
6895,19,22,22,0,0.30932422435822293,1
8115,18,1,50,3,0.2806355798765158,1
7656,18,20,28,2,0.9722297092163575,1
1575,11,22,12,0,0.15336482741574564,1
8029,4,48,34,0,0.7333279087168623,0
7099,9,11,48,1,0.00041028943917487126,1
4192,16,13,57,1,0.5961826694023769,1
4178,4,42,14,1,0.9159430039540524,0
7052,21,3,27,2,0.287934094093219,1
3734,15,9,56,3,0.1855259752577192,1
7116,6,12,53,3,0.651679794878427,0
4568,27,23,15,3,0.7126014072983932,1
3203,8,14,6,2,0.6880305189519813,0
2390,2,33,30,2,0.31931688002137404,1
2742,14,18,40,1,0.2522024021593309,1
2925,15,49,37,0,0.9559187999620442,1
1619,17,41,51,4,0.9232995082699295,1
2274,13,9,17,4,0.4573166098928203,1
1956,2,23,44,0,0.8461938661543734,0
2939,11,10,29,1,0.45232347763429603,1
4953,8,19,8,0,0.4243890180725104,0
1968,27,47,46,0,0.15676294759929466,1
1281,6,5,23,4,0.42640605649197283,0
7262,8,47,22,1,0.537416938599807,0
2058,12,23,41,2,0.022504327428686466,1
5293,17,30,34,4,0.4441130051754064,1
6178,4,25,23,2,0.7813562183952003,0
7980,12,28,27,1,0.6800460563742698,1
2229,3,34,58,0,0.635156988863935,0
5585,1,45,20,3,0.9095554284372025,0
9467,15,48,5,3,0.01803200982523001,1
3740,8,47,16,1,0.5570475861922342,0
3289,8,25,28,3,0.7873488484097071,0
2239,5,10,38,2,0.5413353827012672,0
6370,10,14,57,3,0.32389555258037916,1
1125,21,42,12,1,0.13625056509197786,1
8473,23,46,22,1,0.8875630718161913,1
6342,21,30,52,2,0.470762392387603,1
8351,0,41,9,3,0.8781151969857014,0
7638,3,25,30,3,0.5858521224331683,0
7570,12,14,34,0,0.6741921166150008,1
4249,22,35,58,4,0.80426115437845,1
8595,12,48,17,1,0.6591555446001344,1
7294,12,34,23,0,0.3980548406789377,1
7527,1,10,33,1,0.513633383928651,0
6757,8,35,7,0,0.8030455246758799,0
2969,23,11,30,4,0.3736502963729842,1
1891,7,11,44,0,0.3881214567684971,1
5470,6,21,16,1,0.09569011605800115,1
8175,3,21,6,3,0.9145844352217477,0
9320,17,22,15,1,0.09103631494544173,1
7812,2,45,48,2,0.6482091774485559,0
8519,27,7,32,2,0.4131944788027977,1
5612,5,17,22,2,0.40561939025544236,0
2198,11,2,17,2,0.6795518365726839,1
6238,11,12,41,4,0.06709373262987872,1
7089,20,42,26,3,0.5937057829514346,1
7257,27,18,16,3,0.7720317859723548,1
8705,7,11,6,1,0.8282127578865942,0
4719,21,16,41,0,0.1705303893937753,1
1302,21,49,11,1,0.8974190500781737,1
1986,0,18,30,1,0.6561460918474422,0
5440,3,35,30,1,0.8818548008206828,0
5909,20,26,28,1,0.48528071711019827,1
4072,27,16,16,3,0.542033345097202,1
4124,10,6,20,0,0.9190382770286711,0
9125,2,44,27,1,0.8999095433546718,0
4291,12,43,44,3,0.448160873369002,1
5033,24,47,13,1,0.27441263163568175,1
6105,16,47,36,2,0.39317043456426415,1
1703,21,48,19,1,0.38776432852974974,1
9133,21,42,41,1,0.28686687498279395,1
1574,9,12,17,4,0.26857960433296657,1
6704,20,13,9,2,0.8610629364797194,1
8848,11,4,15,0,0.06986192068466168,1
6208,14,39,14,1,0.6776111820995941,1
7924,20,2,56,0,0.1728200514564523,1
4828,9,26,17,2,0.34450589339406323,1
4230,13,27,45,1,0.06154303413483686,1
1488,12,27,57,4,0.26997363685546205,1
8114,4,15,50,3,0.7684210711172421,0
4173,5,8,54,4,0.8850153245472586,0
2667,23,7,19,4,0.22152715190236705,1
5114,1,47,46,3,0.46354783925892185,0
4553,21,46,11,3,0.4703240479372064,1
8761,16,40,44,3,0.8735753057597342,1
2000,3,12,32,1,0.7627990528758054,0
2388,13,13,36,0,0.5130772183680499,1
6450,9,43,39,0,0.6707472004717734,0
4712,2,17,19,3,0.8473550539093668,0
2367,24,17,52,4,0.009538954025544943,1
9189,2,36,40,2,0.4028900310500486,0
1454,14,21,25,3,0.9072431672770787,1
3772,5,8,10,4,0.7403130308439514,0
4726,16,5,5,4,0.5428413743340746,1
8232,11,26,8,1,0.5296445270351334,1
5806,21,16,15,1,0.3477700976044378,1
3190,19,36,48,0,0.5205205336415145,1
3875,23,28,30,0,0.6553831994634532,1
6592,28,29,41,2,0.4183630384287931,1
2440,10,47,27,2,0.714153146392174,0
9927,24,12,33,2,0.8612322272603858,1
7059,3,37,25,2,0.15468484818486117,1
8010,25,30,52,4,0.4515470228174244,1
8117,27,23,49,4,0.4080200912850811,1
3989,25,16,49,0,0.6874648040497281,1
7228,5,14,53,1,0.24986746525792936,1
7471,0,10,31,1,0.6402509149522763,0
3863,19,7,43,3,0.877489241731488,1
2177,22,45,44,4,0.4181315997936227,1
5760,27,37,17,2,0.91101569997922,1
1011,15,29,27,2,0.9931637389334784,1
6252,14,3,20,3,0.10609204994795207,1
5399,16,15,34,1,0.23305318798485863,1
9234,7,36,8,2,0.9503797514820932,0
6445,27,47,44,1,0.9583276864813868,1
7570,25,46,20,3,0.0977072753867585,1
9212,11,19,35,1,0.014998500377136681,1
1406,26,13,57,1,0.16110002325642225,1
5431,21,42,46,1,0.9960127833822483,1
6243,20,21,29,2,0.17999961661068686,1
7542,9,37,48,0,0.5025476067220231,0
7936,26,27,16,4,0.848417726430511,1
9906,14,29,30,1,0.02040161068820634,1
5146,29,20,41,1,0.6044889822584595,1
1140,8,25,52,1,0.2770254488696243,1
5882,1,6,37,0,0.8623349164397316,0
7012,4,36,32,3,0.28346114926407917,1
1963,5,2,13,2,0.6867557202819089,0
8151,6,22,16,0,0.6742196324473969,0
9564,20,32,9,1,0.22149354885964,1
4610,24,16,58,0,0.03479919986835012,1
7894,0,18,56,0,0.4092495737853973,0
8311,22,5,58,0,0.2891931519658697,1
1105,25,36,32,3,0.8089777496137086,1
6539,6,30,39,4,0.8003641884553453,0
7787,19,45,9,2,0.4570239521926255,1
3137,24,19,38,3,0.6065122253232189,1
5445,29,23,50,3,0.6042595159869252,1
4530,11,34,38,4,0.8271581484276234,1
2286,15,13,17,3,0.4250024141231975,1
8052,15,43,43,0,0.2754466797905091,1
4654,10,29,46,0,0.26503491814054747,1
8102,20,36,49,1,0.5361922792822041,1
3359,3,22,52,3,0.44914820273221256,0
9105,12,47,18,1,0.4401207709849362,1
9636,6,36,15,2,0.09113733908970723,1
7441,3,9,46,0,0.7186037406901956,0
6047,14,39,42,2,0.2137366879819107,1
9227,18,19,8,4,0.19695363020872136,1
6203,8,38,57,0,0.41275832027739345,0
2798,10,6,37,2,0.22777834161780142,1
6291,7,47,11,4,0.5838582673080154,0
6495,0,15,45,2,0.3714633393344715,1
7284,22,20,12,4,0.4489117225927901,1
8285,24,9,41,4,0.5371693216040289,1
2300,23,32,55,0,0.20353552248180484,1
7869,7,4,14,1,0.1557516228655298,1
4097,12,18,47,4,0.8804219028736048,1
5616,21,5,19,4,0.43372370283142103,1
1009,26,20,42,0,0.41209360963253916,1
6752,3,23,19,1,0.03561215027284148,1
7295,7,11,9,3,0.4979763025873932,0
5815,2,37,33,3,0.5541697216110001,0
2072,28,22,23,1,0.5588408709546665,1
4225,8,4,58,2,0.7070311693228843,0
2316,28,29,55,0,0.17748183499101178,1
6699,1,44,14,1,0.2522231342306188,1
7807,1,34,16,3,0.8107304652304127,0
7674,27,13,58,4,0.947170616843394,1
4683,12,42,8,3,0.13593274736732064,1
8227,14,9,35,4,0.4976495545052182,1
4273,27,42,22,0,0.21417625273958685,1
8000,22,31,20,4,0.06007316835498244,1
1145,11,7,44,1,0.3255033381261354,1
6010,25,4,40,4,0.14368762518421274,1
4040,3,19,29,2,0.7099330734342463,0
1482,25,42,27,1,0.5337254136714444,1
4179,7,30,16,0,0.14383447099031088,1
2249,8,31,38,1,0.009241588405514367,1
1630,22,35,40,2,0.8081570490242127,1
9853,4,21,41,0,0.17619440616424753,1
3852,23,31,7,3,0.606216642220766,1
1987,19,19,13,2,0.33692191307674557,1
8622,17,31,57,0,0.5854859383150356,1
8327,10,32,22,4,0.315653626982324,1
9841,14,2,47,1,0.08693956069225417,1
2100,27,10,39,0,0.2229500085577536,1
7652,21,2,59,1,0.1880585664790756,1
9632,8,2,38,4,0.42801935243964384,0
8421,16,24,45,0,0.6582837834261573,1
6016,26,17,18,3,0.26380607494635755,1
1769,25,32,8,2,0.012069935300617951,1
2343,11,16,33,0,0.5189373642647569,1
5358,6,16,45,4,0.6057594893589721,0
7780,9,46,49,0,0.9628704940018097,0
7602,24,39,54,1,0.5894708030932468,1
3349,25,31,19,0,0.47117255937814184,1
6699,24,43,32,3,0.5734016258977038,1
2241,9,24,46,0,0.927900629862027,0
2125,26,1,20,2,0.8283781456016462,1
7764,12,11,16,0,0.322978733363808,1
6101,18,21,56,1,0.23725436365713726,1
8843,10,4,9,0,0.26263361236607363,1
1072,12,7,38,3,0.504421039715213,1
6472,20,26,46,4,0.7440494512285778,1
6189,7,47,5,0,0.5032192071829621,0
3472,7,12,43,0,0.06779639582811259,1
1707,3,31,36,2,0.7235807004399809,0
2804,14,17,30,3,0.8059701286709539,1
7704,27,33,21,4,0.28949786511971964,1
4713,10,11,52,1,0.6641257392833504,0
6051,10,28,31,0,0.4265919010543934,0
3475,0,32,28,4,0.8891193557274428,0
4610,16,1,39,1,0.8452255581607399,1
5255,14,47,50,3,0.5254319983096423,1
8397,19,28,46,3,0.6915055458135945,1
2735,5,42,58,4,0.883349701022104,0
9258,23,7,43,1,0.4957170100782755,1
8979,21,2,30,3,0.31325074048882195,1
3428,27,42,53,4,0.7536661379095813,1
8426,24,24,42,3,0.22006625478469177,1
9533,14,4,27,3,0.38853114800604205,1
6249,8,44,26,3,0.8657272371067937,0
6291,13,19,8,2,0.7244223402693151,1
3817,17,26,53,1,0.40381100524749924,1
4874,25,11,13,4,0.2147445024083574,1
5211,16,40,8,4,0.3559683908322365,1
1661,17,43,11,1,0.284104149227433,1
4374,4,11,27,1,0.17608928794385392,1
1207,19,45,6,1,0.7433329135656567,1
3665,19,3,53,1,0.2520698868501715,1
3493,8,12,28,0,0.4541674701677638,0
7813,10,3,44,4,0.38585944683610907,1
1632,23,42,59,0,0.9820773786356308,1
4083,21,27,35,3,0.3910922441482205,1
4719,0,49,51,3,0.0799824827967548,1
8123,17,2,35,4,0.08982575257208403,1
2679,5,49,51,3,0.5907537213530648,0
1236,26,16,44,1,0.5993635517382656,1
8446,1,2,52,0,0.41875899048265497,0
5443,14,30,55,1,0.4318436923120297,1
7770,28,20,47,3,0.05393258284087121,1
7099,25,38,38,0,0.5165465103892622,1
9555,20,28,59,1,0.5047394753803517,1
3368,13,25,28,4,0.14954931855694453,1
1285,4,32,53,1,0.10383938611092758,1
1148,5,10,30,3,0.12357249059949049,1
5037,5,42,20,0,0.10102824649125852,1
7549,29,40,51,4,0.6097081955367598,1
8121,21,33,17,0,0.19648265240291862,1
5895,29,13,19,4,0.25143015218746345,1
6280,17,41,31,0,0.17357214415143973,1
2012,13,42,8,3,0.9578353044485031,1
3785,9,47,20,4,0.8546174631518354,0
4725,13,37,34,2,0.23049483735152088,1
5576,12,16,48,0,0.327566293922126,1
6782,29,45,34,0,0.20989284230499716,1
7257,2,22,40,1,0.49187595946082374,0
3408,29,20,7,4,0.019610532474253595,1
1340,5,43,26,2,0.6713680088967957,0
3817,28,27,53,3,0.5231581498176416,1
3496,7,41,26,1,0.8986389283011033,0
6962,11,16,54,2,0.16439268432841414,1
6299,12,34,54,4,0.8041092460611317,1
8574,10,32,59,2,0.7919610144667157,0
2689,11,26,53,0,0.12718118921688693,1
4267,0,25,16,0,0.3985592241441276,1
5406,16,2,59,1,0.1701526411445169,1
9453,15,12,25,4,0.2547205004575489,1
2442,10,40,8,4,0.26324617483054435,1
9597,12,9,35,2,0.5562363940257727,1
5437,17,12,48,1,0.4114109317604655,1
6435,10,26,35,4,0.9477328040063053,0
9435,27,9,27,0,0.12637014194700513,1
5107,11,10,58,2,0.9736921348501988,1
1560,5,32,57,3,0.23063864021426395,1
9785,8,34,24,0,0.7728739363818531,0
6548,15,48,19,1,0.3389699261728214,1
2826,3,20,27,4,0.1430813954173139,1
8629,2,39,32,0,0.8578891852462399,0
9325,27,2,20,3,0.3088608992364632,1
4138,15,1,41,3,0.6588554042268422,1
8693,23,36,25,1,0.5664436850866266,1
9264,26,24,19,0,0.4717563093908743,1
8842,25,27,21,2,0.4958194726485391,1
7721,29,2,54,0,0.7322379140922876,1
8002,24,31,41,3,0.08777291412344057,1
5225,11,14,17,1,0.6681806619579052,1
3978,10,2,23,1,0.8958121013985787,0
8373,4,29,34,2,0.05778819701986415,1
6907,24,15,49,1,0.14065333923366674,1
7097,17,12,22,1,0.7166319367020314,1
6656,18,37,18,1,0.43728164824461757,1
9984,22,28,40,1,0.40354862081368836,1
5259,22,20,40,1,0.13696663454423585,1
9286,5,39,24,3,0.5067700407177881,0
6901,21,24,56,0,0.12654531119637724,1
5917,17,21,23,4,0.4766204563105404,1
9429,25,10,49,1,0.7636152989616567,1
3530,5,46,48,4,0.2582643578871635,1
2960,3,14,11,4,0.4807861681797273,0
8045,11,37,48,3,0.9920159693968357,1
2048,18,18,57,1,0.6866504233540373,1
6772,28,24,8,4,0.8413567713051986,1
3529,26,14,38,1,0.41484760656054576,1
3964,28,34,6,2,0.7678609231258553,1
8137,1,12,9,2,0.040509172941321836,1
1963,16,22,59,2,0.12291118254224498,1
1536,10,6,14,4,0.20307059292006213,1
8340,10,36,36,2,0.40195192461521956,0
8179,20,45,46,3,0.8457448783257632,1
8967,15,36,45,3,0.3462660507879305,1
9734,1,22,17,4,0.6546211935154629,0
1845,1,14,43,1,0.7093142948034834,0
6777,22,16,9,0,0.5861823540883414,1
4036,7,36,14,1,0.3572419681701362,1
6947,12,25,14,1,0.5770533417135443,1
3494,9,32,42,1,0.3422655927897462,1
3719,7,33,31,1,0.08387373855201208,1
2884,29,45,55,0,0.9928039781860144,1
5349,3,36,25,2,0.1271824536325109,1
6179,14,20,12,1,0.07234838383605735,1
7610,29,18,5,3,0.8785307492071559,1
7430,0,38,32,4,0.3018346608928951,1
8154,10,3,53,4,0.6502969740735076,0
7488,6,23,43,3,0.32900572966223285,1
5737,16,32,18,1,0.39145427079447115,1
7525,26,45,25,0,0.2621129720167965,1
4850,19,16,34,2,0.3430440057930102,1
1689,23,5,25,4,0.4107004005865431,1
6175,17,4,53,2,0.7204160690923429,1
9648,21,21,13,0,0.5115361942347918,1
6078,28,40,21,4,0.9435652171569769,1
6448,21,14,9,2,0.04188039383877551,1
2179,11,39,35,0,0.5030683226320282,1
7406,8,31,56,2,0.5842247888317181,0
9591,4,14,44,1,0.9201969860742739,0
7907,9,6,42,0,0.049158523621427586,1
9800,3,12,47,2,0.573499584935216,0
2638,4,16,23,1,0.853629928527957,0
6671,27,17,40,1,0.24192772811923657,1
7928,27,45,54,0,0.8762923485239374,1
2382,9,23,37,3,0.019043409274291823,1
2403,10,14,17,4,0.7324546291337297,0
4292,20,7,18,0,0.933113221168653,1
1419,23,46,37,1,0.6571976616400622,1
5517,9,32,33,1,0.43902924398044796,0
4302,27,15,47,0,0.04488101647271803,1
8857,7,44,53,3,0.9201138133226288,0
8870,1,17,40,4,0.4702962226915748,0
6693,22,41,48,2,0.02899674433594801,1
1767,7,47,14,0,0.6898210713287619,0
3044,15,44,35,4,0.4818372535762582,1
2549,26,34,10,4,0.12434531744241073,1
7140,21,5,5,1,0.21427180931025958,1
4716,4,45,11,2,0.06449068045584627,1
5481,26,27,31,0,0.5742935397085736,1
8898,24,23,25,1,0.6220294792520092,1
7548,28,40,32,1,0.5057422983554444,1
3293,2,14,20,3,0.8171021330026149,0
5837,11,15,50,4,0.8610088213080136,1
8758,12,43,27,0,0.6156243966831266,1
7793,12,33,56,0,0.012756479707430546,1
8638,9,31,24,0,0.6952296557477357,0
8993,3,35,42,1,0.4179992169203516,0
7007,8,17,58,3,0.565557483226387,0
6542,21,28,29,2,0.6490806020188844,1
7356,23,19,32,1,0.35023661432707676,1
9433,22,46,9,2,0.9170985051717943,1
8380,26,23,25,3,0.1339748667497812,1
3385,1,32,22,4,0.6715118072810374,0
5268,18,40,51,0,0.004359579956580428,1
1671,0,13,10,2,0.9246511054051808,0
1163,24,20,33,1,0.1125041332380915,1
9656,28,35,23,2,0.09488423014757463,1
5592,6,5,37,4,0.33300763305224423,1
5795,16,9,5,0,0.3735662860390806,1
5798,2,29,49,2,0.21430007232287862,1
7036,19,6,7,4,0.5851216609271247,1
3355,19,25,46,1,0.4429140980419636,1
6887,20,31,25,3,0.03417558904108742,1
8961,29,22,39,1,0.31965206225530063,1
6827,2,2,45,0,0.8104329135731705,0
9737,2,45,44,1,0.6897015348618686,0
5719,16,5,7,1,0.7248708535798805,1
1593,6,27,29,1,0.6981169240835235,0
5839,26,25,49,1,0.3109730213830333,1
8394,25,8,42,0,0.09966392207677588,1
4493,13,1,49,4,0.272467184033096,1
7164,16,20,59,2,0.8317853001851593,1
3672,17,44,24,3,0.9804707977830711,1
5200,12,23,56,2,0.49384701474156134,1
1016,19,32,48,2,0.00970035492304222,1
4191,28,11,49,3,0.14004481213422904,1
1392,19,39,38,0,0.32208057531626577,1
9616,20,47,25,3,0.5785853485929497,1
7272,26,24,59,0,0.07509364580531397,1
1571,17,11,52,2,0.9433572987098816,1
4631,3,29,27,0,0.3650836732844007,1
7172,0,26,10,4,0.912584217924823,0
8177,17,16,55,3,0.7805218027570218,1
9433,0,35,57,4,0.7554372725155811,0
4897,25,20,17,2,0.606719579782232,1
9123,25,46,53,3,0.6267838170518446,1
3279,12,3,27,2,0.6380032352162481,1
9980,19,1,13,4,0.6287213870255821,1
8451,19,47,21,2,0.5537282313983612,1
9906,22,1,6,3,0.9864140184828889,1
1775,9,17,23,3,0.7322905674256961,0
7869,26,2,23,2,0.7769463883925212,1
3247,10,29,11,3,0.8724628150836742,0
8088,8,20,58,3,0.21563976272584917,1
1078,8,6,46,2,0.08380415909506078,1
9080,4,8,46,4,0.48289443659859865,0
8099,25,29,24,3,0.5140806956192732,1
4926,0,48,13,3,0.8291817799499177,0
8340,16,33,21,3,0.4437835792823357,1
8083,21,3,31,3,0.5708530255443127,1
7230,1,35,51,2,0.5270709385134583,0
5940,23,5,6,4,0.03820278375739106,1
4271,12,27,40,4,0.615214896596914,1
4456,8,44,23,0,0.8280432857742522,0
8788,28,12,21,3,0.15750054807580383,1
9599,3,20,9,3,0.5943317339265958,0
8650,4,45,43,0,0.5936105444464144,0
3711,10,20,22,4,0.16418496405635874,1
2668,23,9,57,1,0.12346357373073602,1
1147,18,39,58,1,0.9800519429764848,1
7420,20,4,11,4,0.39371916965303755,1
1365,2,19,21,3,0.22742172872352928,1
5531,11,38,43,1,0.17132454445437495,1
